year,country,pivotal1,pivotal2,pivotal3,pivotal4,pivotal5,pivotal6
1995,ARG,53.97,54.68,52.91,63.56,46.58,53.79
1995,AUS,68.71,70.32,66.3,74.32,61.07,68.28
1995,AUT,68.14,69.0,66.85,73.34,61.68,67.92
1995,BEL,75.4,79.54,69.18,81.5,64.27,74.18
1995,BGD,29.64,26.94,33.7,48.16,27.11,30.13
1995,BGR,32.78,38.23,24.6,53.92,18.58,30.67
1995,BLR,36.95,41.13,30.69,55.5,24.23,35.53
1995,BRA,66.33,67.61,64.42,72.33,59.0,66.0
1995,BRN,29.05,32.13,24.42,50.73,18.42,28.01
1995,CAN,81.29,84.06,77.14,85.27,73.24,80.53
1995,CHE,72.62,74.78,69.38,77.71,64.49,72.03
1995,CHL,53.45,56.98,48.16,65.04,41.61,52.38
1995,CHN,71.25,74.76,65.98,77.69,60.71,70.23
1995,CIV,28.29,32.68,21.71,51.01,16.0,26.64
1995,CMR,23.29,28.1,16.08,48.72,11.16,21.26
1995,COL,49.67,49.3,50.22,60.23,43.76,49.76
1995,CRI,29.93,31.08,28.2,50.2,21.89,29.6
1995,CYP,30.33,32.23,27.49,50.78,21.23,29.77
1995,CZE,52.13,55.07,47.71,63.81,41.15,51.26
1995,DEU,93.9,94.88,92.42,95.01,90.97,93.64
1995,DNK,62.64,65.72,58.01,70.98,52.02,61.74
1995,EGY,47.78,47.9,47.6,59.39,41.03,47.75
1995,ESP,73.22,74.79,70.86,77.72,66.14,72.8
1995,EST,22.72,25.6,18.41,47.52,13.12,21.71
1995,FIN,59.93,65.6,51.42,70.89,45.02,58.08
1995,FRA,86.97,88.73,84.33,89.34,81.5,86.5
1995,GBR,86.84,88.06,85.02,88.75,82.3,86.53
1995,GRC,48.45,45.83,52.37,58.18,46.01,48.99
1995,HKG,63.55,63.81,63.16,69.64,57.61,63.48
1995,HRV,31.22,31.47,30.85,50.39,24.38,31.16
1995,HUN,45.18,47.32,41.97,59.05,35.28,44.56
1995,IDN,66.11,68.66,62.29,73.1,56.66,65.4
1995,IND,57.38,60.5,52.71,67.37,46.37,56.47
1995,IRL,55.2,58.77,49.84,66.21,43.36,54.12
1995,ISL,21.74,24.81,17.14,47.15,12.05,20.62
1995,ISR,52.6,53.53,51.21,62.83,44.79,52.36
1995,ITA,83.19,85.49,79.75,86.49,76.22,82.57
1995,JOR,26.0,26.0,25.99,47.71,19.85,25.99
1995,JPN,91.93,93.86,89.03,94.04,86.98,91.41
1995,KAZ,42.63,45.52,38.3,58.0,31.61,41.75
1995,KHM,13.78,13.53,14.15,42.12,9.57,13.84
1995,KOR,74.79,77.96,70.03,80.22,65.21,73.89
1995,LAO,9.42,9.17,9.8,40.32,6.16,9.48
1995,LTU,21.94,23.62,19.41,46.59,13.98,21.41
1995,LUX,48.04,55.34,37.1,63.98,30.43,45.31
1995,LVA,21.08,24.01,16.68,46.77,11.66,20.01
1995,MAR,39.41,40.17,38.28,54.97,31.59,39.21
1995,MEX,67.9,70.45,64.08,74.42,58.62,67.19
1995,MLT,27.88,31.39,22.62,50.35,16.8,26.65
1995,MMR,19.67,17.94,22.27,44.02,16.49,19.99
1995,MYS,65.52,69.64,59.34,73.82,53.46,64.28
1995,NGA,47.47,52.4,40.07,62.13,33.37,45.82
1995,NLD,79.32,82.75,74.18,84.16,69.88,78.35
1995,NOR,64.32,68.96,57.37,73.32,51.34,62.9
1995,NZL,47.56,50.31,43.44,60.84,36.77,46.75
1995,PAK,42.58,42.98,41.98,56.54,35.29,42.48
1995,PER,40.33,41.08,39.21,55.48,32.51,40.13
1995,PHL,54.02,54.64,53.1,63.53,46.79,53.86
1995,POL,53.65,55.98,50.15,64.39,43.68,52.98
1995,PRT,54.59,55.1,53.83,63.83,47.56,54.46
1995,ROU,38.85,40.35,36.6,55.07,29.93,38.43
1995,RUS,72.29,74.13,69.53,77.21,64.66,71.79
1995,SAU,67.69,71.81,61.5,75.43,55.8,66.46
1995,SEN,16.97,19.55,13.09,44.73,8.72,16.0
1995,SGP,64.51,70.07,56.17,74.13,50.05,62.74
1995,SVK,40.32,44.92,33.43,57.65,26.85,38.75
1995,SVN,38.68,40.76,35.55,55.3,28.91,38.07
1995,SWE,69.71,73.55,63.94,76.76,58.47,68.58
1995,THA,66.3,66.44,66.09,71.49,60.84,66.26
1995,TUN,34.52,35.36,33.26,52.39,26.69,34.29
1995,TUR,57.26,57.39,57.06,65.31,51.0,57.22
1995,TWN,74.02,77.81,68.33,80.1,63.32,72.92
1995,UKR,45.59,51.33,36.98,61.47,30.31,43.57
1995,USA,100.0,100.0,100.0,100.0,100.0,100.0
1995,VNM,35.81,37.8,32.82,53.69,26.26,35.22
1995,ZAF,59.35,63.61,52.96,69.5,46.64,58.04
1996,ARG,55.11,56.23,53.43,64.55,47.13,54.81
1996,AUS,69.5,71.82,66.02,75.44,60.76,68.86
1996,AUT,67.46,68.88,65.32,73.26,59.99,67.08
1996,BEL,74.33,78.8,67.63,80.9,62.54,73.0
1996,BGD,29.7,27.57,32.89,48.47,26.33,30.11
1996,BGR,31.12,37.54,21.49,53.55,15.8,28.4
1996,BLR,35.11,39.88,27.96,54.82,21.67,33.39
1996,BRA,65.7,66.85,63.97,71.78,58.5,65.39
1996,BRN,29.92,33.19,25.01,51.27,18.96,28.81
1996,CAN,80.96,84.26,76.01,85.44,71.95,80.03
1996,CHE,71.5,73.93,67.86,77.05,62.8,70.83
1996,CHL,53.32,56.53,48.51,64.75,41.98,52.37
1996,CHN,71.94,76.1,65.69,78.74,60.39,70.7
1996,CIV,29.22,34.89,20.71,52.15,15.12,26.88
1996,CMR,24.29,29.76,16.08,49.54,11.16,21.88
1996,COL,50.21,50.57,49.68,61.0,43.19,50.12
1996,CRI,30.17,32.09,27.29,50.71,21.05,29.59
1996,CYP,30.03,33.07,25.46,51.21,19.37,29.02
1996,CZE,52.3,55.17,48.0,63.87,41.45,51.46
1996,DEU,92.81,94.07,90.91,94.24,89.19,92.48
1996,DNK,61.89,65.77,56.06,71.01,49.93,60.72
1996,EGY,47.7,48.21,46.93,59.58,40.34,47.57
1996,ESP,73.39,75.55,70.16,78.31,65.36,72.81
1996,EST,23.83,26.62,19.64,48.01,14.18,22.87
1996,FIN,58.91,64.85,50.0,70.36,43.53,56.94
1996,FRA,86.3,88.35,83.22,89.0,80.22,85.75
1996,GBR,87.13,88.49,85.1,89.13,82.4,86.78
1996,GRC,48.92,46.92,51.92,58.81,45.54,49.36
1996,HKG,63.85,65.34,61.62,70.71,55.93,63.45
1996,HRV,31.99,32.9,30.62,51.12,24.17,31.74
1996,HUN,45.47,48.2,41.38,59.57,34.69,44.66
1996,IDN,66.2,69.29,61.56,73.56,55.87,65.31
1996,IND,57.31,61.27,51.36,67.89,44.95,56.1
1996,IRL,56.04,60.1,49.94,67.1,43.46,54.78
1996,ISL,22.31,25.85,17.0,47.64,11.93,20.96
1996,ISR,52.8,54.52,50.23,63.46,43.77,52.33
1996,ITA,83.09,85.89,78.88,86.84,75.22,82.31
1996,JOR,26.1,26.62,25.33,48.01,19.25,25.97
1996,JPN,90.88,92.39,88.62,92.67,86.5,90.49
1996,KAZ,41.26,45.56,34.82,58.02,28.2,39.83
1996,KHM,12.94,12.5,13.61,41.69,9.13,13.04
1996,KOR,74.94,78.36,69.8,80.54,64.96,73.96
1996,LAO,9.39,9.02,9.95,40.26,6.27,9.47
1996,LTU,24.53,26.62,21.4,48.01,15.72,23.87
1996,LUX,47.32,55.24,35.43,63.92,28.79,44.24
1996,LVA,23.91,26.75,19.66,48.07,14.2,22.93
1996,MAR,38.78,40.8,35.75,55.32,29.1,38.19
1996,MEX,69.72,72.88,64.98,76.25,59.61,68.82
1996,MLT,26.87,30.57,21.33,49.94,15.66,25.54
1996,MMR,19.0,18.14,20.29,44.1,14.75,19.18
1996,MYS,66.37,70.71,59.85,74.61,54.01,65.05
1996,NGA,47.86,52.48,40.93,62.18,34.23,46.35
1996,NLD,78.39,82.14,72.76,83.64,68.28,77.31
1996,NOR,64.95,70.53,56.57,74.48,50.48,63.17
1996,NZL,47.62,50.38,43.47,60.88,36.8,46.8
1996,PAK,42.02,42.96,40.61,56.53,33.91,41.77
1996,PER,40.26,42.03,37.61,56.01,30.93,39.76
1996,PHL,55.67,56.68,54.15,64.84,47.9,55.4
1996,POL,55.21,57.47,51.81,65.36,45.43,54.57
1996,PRT,54.25,55.02,53.1,63.78,46.79,54.05
1996,ROU,38.76,40.89,35.57,55.37,28.93,38.14
1996,RUS,72.46,74.94,68.75,77.83,63.79,71.78
1996,SAU,68.4,73.8,60.3,76.95,54.5,66.71
1996,SEN,16.5,19.28,12.33,44.61,8.11,15.42
1996,SGP,64.91,70.65,56.31,74.56,50.2,63.07
1996,SVK,41.24,44.77,35.95,57.56,29.3,40.12
1996,SVN,38.0,41.0,33.51,55.43,26.93,37.07
1996,SWE,69.56,73.72,63.32,76.89,57.79,68.32
1996,THA,65.73,66.52,64.54,71.55,59.13,65.52
1996,TUN,34.0,36.24,30.65,52.86,24.19,33.33
1996,TUR,59.02,59.31,58.58,66.57,52.64,58.94
1996,TWN,73.41,77.92,66.65,80.19,61.46,72.07
1996,UKR,43.19,49.72,33.39,60.48,26.81,40.74
1996,USA,100.0,100.0,100.0,100.0,100.0,100.0
1996,VNM,40.35,42.99,36.39,56.55,29.73,39.55
1996,ZAF,58.59,63.57,51.11,69.47,44.69,57.0
1997,ARG,56.1,55.9,56.39,64.34,50.29,56.14
1997,AUS,69.01,70.85,66.25,74.71,61.01,68.51
1997,AUT,65.89,67.19,63.94,72.03,58.47,65.54
1997,BEL,72.54,76.88,66.04,79.36,60.78,71.25
1997,BGD,29.57,27.05,33.34,48.22,26.76,30.03
1997,BGR,29.72,35.3,21.35,52.36,15.68,27.45
1997,BLR,36.27,41.48,28.45,55.7,22.13,34.35
1997,BRA,65.68,66.46,64.51,71.51,59.1,65.48
1997,BRN,29.43,32.42,24.94,50.87,18.89,28.44
1997,CAN,81.3,84.05,77.18,85.26,73.28,80.54
1997,CHE,69.96,72.52,66.13,75.97,60.88,69.25
1997,CHL,53.57,56.19,49.63,64.53,43.14,52.81
1997,CHN,72.71,77.82,65.05,80.11,59.69,71.15
1997,CIV,28.78,33.88,21.13,51.62,15.48,26.76
1997,CMR,24.57,29.07,17.81,49.2,12.61,22.75
1997,COL,50.66,50.15,51.43,60.74,45.03,50.79
1997,CRI,30.8,32.1,28.84,50.71,22.49,30.43
1997,CYP,28.67,30.95,25.24,50.13,19.16,27.95
1997,CZE,50.62,53.3,46.59,62.69,39.99,49.83
1997,DEU,91.2,92.54,89.2,92.81,87.18,90.85
1997,DNK,60.56,63.71,55.84,69.57,49.7,59.65
1997,EGY,47.9,47.47,48.55,59.14,42.02,48.01
1997,ESP,72.79,74.81,69.77,77.73,64.92,72.25
1997,EST,25.46,27.9,21.8,48.63,16.07,24.66
1997,FIN,57.92,63.47,49.6,69.4,43.11,56.11
1997,FRA,84.97,87.07,81.81,87.87,78.59,84.4
1997,GBR,87.03,88.35,85.05,89.0,82.34,86.68
1997,GRC,48.43,46.19,51.8,58.39,45.41,48.91
1997,HKG,63.74,64.43,62.7,70.07,57.11,63.56
1997,HRV,32.42,31.2,34.26,50.26,27.65,32.69
1997,HUN,46.92,49.31,43.33,60.24,36.66,46.22
1997,IDN,65.68,68.75,61.07,73.16,55.33,64.8
1997,IND,58.06,61.42,53.03,67.99,46.71,57.07
1997,IRL,57.03,60.91,51.21,67.64,44.79,55.85
1997,ISL,22.75,25.34,18.87,47.4,13.52,21.87
1997,ISR,52.55,54.27,49.98,63.3,43.51,52.08
1997,ITA,81.94,84.19,78.57,85.38,74.87,81.33
1997,JOR,25.16,25.32,24.92,47.39,18.87,25.12
1997,JPN,89.62,91.57,86.7,91.92,84.26,89.1
1997,KAZ,41.0,44.33,36.0,57.31,29.35,39.95
1997,KHM,13.86,13.81,13.94,42.24,9.4,13.87
1997,KOR,74.29,78.38,68.16,80.56,63.13,73.09
1997,LAO,9.3,9.04,9.7,40.27,6.08,9.36
1997,LTU,27.34,28.97,24.89,49.15,18.85,26.85
1997,LUX,47.05,55.0,35.13,63.76,28.5,43.96
1997,LVA,24.23,26.26,21.18,47.84,15.53,23.58
1997,MAR,37.8,39.37,35.45,54.54,28.81,37.36
1997,MEX,70.76,73.22,67.06,76.51,61.91,70.07
1997,MLT,25.66,28.89,20.82,49.11,15.21,24.53
1997,MMR,22.18,21.12,23.76,45.44,17.82,22.4
1997,MYS,65.84,69.82,59.86,73.95,54.02,64.65
1997,NGA,50.84,54.72,45.03,63.58,38.39,49.64
1997,NLD,76.53,80.1,71.17,81.95,66.49,75.5
1997,NOR,64.27,69.25,56.79,73.53,50.71,62.71
1997,NZL,47.16,49.18,44.12,60.16,37.46,46.58
1997,PAK,40.46,41.38,39.07,55.64,32.38,40.21
1997,PER,41.19,42.69,38.94,56.38,32.25,40.77
1997,PHL,56.71,57.05,56.21,65.08,50.09,56.63
1997,POL,55.63,56.89,53.74,64.98,47.46,55.29
1997,PRT,53.44,53.67,53.1,62.92,46.79,53.38
1997,ROU,38.32,39.78,36.13,54.76,29.47,37.91
1997,RUS,71.88,73.38,69.62,76.63,64.76,71.48
1997,SAU,67.79,72.75,60.35,76.15,54.55,66.26
1997,SEN,15.57,17.75,12.31,43.93,8.1,14.78
1997,SGP,64.13,69.67,55.81,73.84,49.67,62.36
1997,SVK,41.56,44.24,37.55,57.26,30.87,40.76
1997,SVN,37.29,39.77,33.57,54.76,26.99,36.54
1997,SWE,68.64,72.4,63.0,75.88,57.44,67.54
1997,THA,63.7,65.95,60.32,71.14,54.52,63.07
1997,TUN,33.66,35.02,31.61,52.22,25.11,33.27
1997,TUR,60.45,60.59,60.25,67.43,54.44,60.42
1997,TWN,73.43,77.32,67.59,79.71,62.5,72.29
1997,UKR,42.7,48.53,33.96,59.77,27.36,40.6
1997,USA,100.0,100.0,100.0,100.0,100.0,100.0
1997,VNM,41.28,43.63,37.76,56.91,31.08,40.59
1997,ZAF,58.31,62.71,51.7,68.87,45.31,56.94
1998,ARG,56.41,55.75,57.4,64.24,51.37,56.57
1998,AUS,67.57,69.01,65.41,73.35,60.09,67.19
1998,AUT,66.58,67.79,64.77,72.46,59.38,66.26
1998,BEL,72.63,76.79,66.38,79.29,61.16,71.4
1998,BGD,29.77,26.36,34.89,47.88,28.26,30.33
1998,BGR,31.96,35.18,27.13,52.3,20.9,30.89
1998,BLR,37.0,41.1,30.85,55.49,24.38,35.61
1998,BRA,65.16,65.92,64.01,71.12,58.55,64.96
1998,BRN,25.74,27.35,23.33,48.36,17.44,25.26
1998,CAN,80.88,83.55,76.88,84.83,72.94,80.15
1998,CHE,70.39,72.62,67.05,76.05,61.9,69.78
1998,CHL,52.95,55.03,49.82,63.78,43.34,52.36
1998,CHN,72.91,78.08,65.16,80.32,59.81,71.33
1998,CIV,29.73,33.87,23.53,51.62,17.62,28.23
1998,CMR,25.57,29.32,19.95,49.32,14.45,24.19
1998,COL,49.99,48.85,51.69,59.96,45.3,50.25
1998,CRI,32.77,33.29,31.98,51.32,25.46,32.63
1998,CYP,29.95,31.88,27.06,50.6,20.83,29.37
1998,CZE,51.74,54.58,47.49,63.5,40.92,50.91
1998,DEU,91.41,92.99,89.03,93.23,86.98,90.99
1998,DNK,60.88,63.43,57.05,69.37,50.99,60.16
1998,EGY,48.35,47.22,50.05,58.99,43.58,48.61
1998,ESP,73.69,75.15,71.49,78.0,66.85,73.3
1998,EST,26.93,28.98,23.85,49.15,17.91,26.29
1998,FIN,58.71,63.72,51.19,69.57,44.77,57.11
1998,FRA,85.6,87.68,82.47,88.41,79.35,85.04
1998,GBR,87.03,88.2,85.27,88.87,82.6,86.72
1998,GRC,49.59,46.19,54.7,58.39,48.48,50.27
1998,HKG,62.9,64.34,60.73,70.01,54.96,62.51
1998,HRV,31.69,29.88,34.41,49.6,27.8,32.07
1998,HUN,49.13,50.98,46.35,61.25,39.74,48.61
1998,IDN,60.84,65.65,53.63,70.93,47.35,59.34
1998,IND,58.75,61.3,54.93,67.91,48.73,58.03
1998,IRL,60.09,63.76,54.58,69.6,48.35,58.99
1998,ISL,24.96,25.84,23.64,47.64,17.72,24.72
1998,ISR,52.94,54.73,50.25,63.59,43.79,52.44
1998,ITA,82.14,84.28,78.92,85.45,75.27,81.56
1998,JOR,25.57,24.59,27.03,47.04,20.81,25.78
1998,JPN,87.81,90.32,84.05,90.77,81.18,87.13
1998,KAZ,40.02,41.94,37.15,55.96,30.48,39.47
1998,KHM,13.14,12.36,14.31,41.63,9.7,13.3
1998,KOR,70.8,77.41,60.88,79.78,55.13,68.65
1998,LAO,9.18,9.11,9.28,40.3,5.77,9.19
1998,LTU,27.54,27.68,27.34,48.52,21.09,27.51
1998,LUX,48.8,56.4,37.41,64.66,30.73,45.93
1998,LVA,25.84,26.64,24.63,48.02,18.61,25.62
1998,MAR,38.35,39.0,37.37,54.34,30.69,38.18
1998,MEX,71.47,73.23,68.82,76.51,63.86,70.99
1998,MLT,26.38,28.73,22.86,49.03,17.02,25.63
1998,MMR,19.79,18.41,21.85,44.22,16.12,20.06
1998,MYS,60.9,67.8,50.55,72.47,44.1,58.54
1998,NGA,47.93,49.12,46.14,60.12,39.53,47.61
1998,NLD,76.31,79.76,71.14,81.68,66.46,75.33
1998,NOR,63.35,66.86,58.09,71.79,52.11,62.32
1998,NZL,45.81,47.16,43.79,58.95,37.12,45.44
1998,PAK,39.56,40.23,38.56,55.01,31.87,39.39
1998,PER,40.33,40.65,39.84,55.24,33.14,40.24
1998,PHL,53.36,53.92,52.52,63.08,46.17,53.22
1998,POL,58.83,59.91,57.2,66.97,51.15,58.54
1998,PRT,54.72,53.89,55.97,63.06,49.84,54.92
1998,ROU,38.71,39.17,38.01,54.43,31.32,38.59
1998,RUS,68.96,71.16,65.67,74.95,60.37,68.36
1998,SAU,64.33,66.86,60.53,71.79,54.75,63.62
1998,SEN,17.05,18.5,14.88,44.26,10.17,16.59
1998,SGP,61.93,68.25,52.46,72.8,46.11,59.84
1998,SVK,40.62,41.93,38.66,55.95,31.97,40.26
1998,SVN,38.58,40.4,35.86,55.1,29.21,38.06
1998,SWE,69.3,72.57,64.4,76.01,58.97,68.36
1998,THA,60.08,64.74,53.09,70.29,46.78,58.63
1998,TUN,34.53,35.05,33.76,52.23,27.17,34.4
1998,TUR,60.77,61.11,60.27,67.78,54.47,60.69
1998,TWN,72.63,76.41,66.96,78.99,61.8,71.53
1998,UKR,41.06,46.19,33.37,58.39,26.79,39.26
1998,USA,100.0,100.0,100.0,100.0,100.0,100.0
1998,VNM,42.1,43.96,39.3,57.1,32.6,41.56
1998,ZAF,57.59,61.59,51.6,68.11,45.2,56.37
1999,ARG,53.8,53.3,54.56,62.69,48.33,53.93
1999,AUS,67.41,68.61,65.6,73.06,60.3,67.09
1999,AUT,65.54,66.91,63.49,71.83,57.98,65.18
1999,BEL,71.45,75.79,64.94,78.5,59.57,70.16
1999,BGD,29.21,25.19,35.25,47.33,28.61,29.8
1999,BGR,31.36,33.29,28.46,51.32,22.14,30.78
1999,BLR,33.12,37.66,26.31,53.61,20.14,31.48
1999,BRA,62.26,64.0,59.65,69.77,53.79,61.79
1999,BRN,25.67,28.88,20.86,49.11,15.25,24.54
1999,CAN,80.72,83.71,76.24,84.97,72.21,79.89
1999,CHE,69.37,71.78,65.75,75.41,60.46,68.7
1999,CHL,50.98,54.49,45.72,63.44,39.1,49.91
1999,CHN,72.82,77.64,65.58,79.96,60.27,71.36
1999,CIV,28.03,32.06,21.98,50.69,16.23,26.55
1999,CMR,23.27,26.37,18.61,47.89,13.3,22.15
1999,COL,48.23,48.94,47.16,60.01,40.58,48.04
1999,CRI,31.75,32.41,30.75,50.87,24.29,31.57
1999,CYP,29.16,30.73,26.81,50.02,20.6,28.7
1999,CZE,50.76,53.6,46.49,62.88,39.89,49.92
1999,DEU,90.17,91.87,87.61,92.19,85.32,89.71
1999,DNK,60.01,63.31,55.07,69.29,48.88,59.05
1999,EGY,47.11,45.85,49.0,58.19,42.48,47.4
1999,ESP,73.23,74.52,71.3,77.51,66.64,72.89
1999,EST,25.52,27.62,22.37,48.49,16.58,24.86
1999,FIN,57.41,62.88,49.2,68.99,42.69,55.62
1999,FRA,84.34,86.46,81.15,87.34,77.83,83.76
1999,GBR,86.28,87.59,84.31,88.33,81.48,85.93
1999,GRC,51.19,48.38,55.41,59.68,49.24,51.78
1999,HKG,61.6,64.03,57.96,69.79,51.97,60.92
1999,HRV,30.55,29.4,32.27,49.36,25.74,30.8
1999,HUN,48.5,50.48,45.53,60.94,38.9,47.94
1999,IDN,59.97,64.97,52.46,70.45,46.11,58.38
1999,IND,58.66,61.52,54.36,68.06,48.12,57.83
1999,IRL,59.38,63.89,52.62,69.69,46.28,57.98
1999,ISL,24.0,24.72,22.92,47.1,17.07,23.8
1999,ISR,53.34,54.97,50.89,63.74,44.46,52.89
1999,ITA,80.63,82.66,77.59,84.08,73.75,80.08
1999,JOR,24.47,23.32,26.19,46.45,20.03,24.71
1999,JPN,87.66,90.24,83.8,90.7,80.89,86.96
1999,KAZ,38.26,41.69,33.12,55.82,26.55,37.16
1999,KHM,15.35,14.25,17.01,42.42,11.94,15.57
1999,KOR,71.55,77.05,63.3,79.49,57.77,69.84
1999,LAO,9.15,9.16,9.14,40.32,5.66,9.15
1999,LTU,24.48,24.12,25.01,46.82,18.96,24.56
1999,LUX,48.89,56.71,37.16,64.86,30.49,45.91
1999,LVA,24.39,25.34,22.96,47.4,17.11,24.12
1999,MAR,37.83,38.51,36.81,54.07,30.14,37.65
1999,MEX,71.98,73.8,69.26,76.95,64.35,71.49
1999,MLT,25.66,27.78,22.47,48.57,16.67,24.98
1999,MMR,19.05,18.82,19.39,44.41,13.97,19.1
1999,MYS,60.86,68.46,49.45,72.95,42.95,58.18
1999,NGA,45.83,50.31,39.12,60.84,32.42,44.36
1999,NLD,75.76,79.13,70.71,81.16,65.97,74.8
1999,NOR,62.75,67.39,55.78,72.17,49.63,61.31
1999,NZL,45.05,45.97,43.67,58.26,37.0,44.81
1999,PAK,38.1,38.52,37.47,54.07,30.79,37.99
1999,PER,38.37,39.71,36.37,54.72,29.71,38.0
1999,PHL,52.17,52.94,51.02,62.46,44.6,51.97
1999,POL,56.72,57.59,55.42,65.44,49.25,56.49
1999,PRT,54.16,53.02,55.86,62.51,49.72,54.42
1999,ROU,36.8,38.28,34.58,53.95,27.96,36.38
1999,RUS,66.32,70.76,59.65,74.65,53.79,64.97
1999,SAU,64.82,69.17,58.3,73.47,52.34,63.5
1999,SEN,16.4,16.64,16.03,43.45,11.12,16.33
1999,SGP,61.99,67.97,53.03,72.59,46.71,60.04
1999,SVK,38.14,39.93,35.45,54.84,28.81,37.62
1999,SVN,37.61,38.89,35.7,54.28,29.05,37.26
1999,SWE,68.4,71.75,63.38,75.39,57.86,67.44
1999,THA,60.57,64.81,54.21,70.34,47.96,59.27
1999,TUN,33.75,34.15,33.14,51.76,26.57,33.64
1999,TUR,57.14,58.0,55.86,65.7,49.72,56.92
1999,TWN,72.27,76.45,66.01,79.02,60.75,71.04
1999,UKR,38.79,45.24,29.12,57.83,22.75,36.3
1999,USA,100.0,100.0,100.0,100.0,100.0,100.0
1999,VNM,42.36,44.73,38.8,57.54,32.11,41.66
1999,ZAF,55.69,60.21,48.91,67.17,42.39,54.27
2000,ARG,53.07,53.66,52.19,62.91,45.83,52.92
2000,AUS,65.94,67.99,62.87,72.61,57.3,65.38
2000,AUT,63.66,65.99,60.17,71.17,54.36,63.01
2000,BEL,70.09,74.92,62.84,77.82,57.26,68.61
2000,BGD,28.51,24.85,33.99,47.17,27.39,29.06
2000,BGR,27.44,29.58,24.24,49.45,18.26,26.78
2000,BLR,30.67,36.17,22.43,52.82,16.63,28.48
2000,BRA,62.61,64.82,59.29,70.34,53.4,61.99
2000,BRN,26.6,33.61,16.09,51.48,11.17,23.25
2000,CAN,80.75,84.79,74.68,85.89,70.44,79.57
2000,CHE,68.05,71.12,63.44,74.92,57.92,67.17
2000,CHL,50.47,54.45,44.5,63.41,37.85,49.22
2000,CHN,73.97,79.07,66.31,81.12,61.08,72.41
2000,CIV,24.88,28.87,18.89,49.1,13.54,23.35
2000,CMR,21.63,25.61,15.66,47.53,10.81,20.03
2000,COL,45.62,47.68,42.53,59.26,35.85,45.03
2000,CRI,29.58,30.5,28.19,49.91,21.88,29.32
2000,CYP,27.63,29.74,24.47,49.53,18.47,26.98
2000,CZE,50.37,53.99,44.94,63.12,38.3,49.26
2000,DEU,88.47,90.88,84.86,91.28,82.12,87.82
2000,DNK,58.99,63.33,52.49,69.3,46.14,57.66
2000,EGY,47.07,47.29,46.75,59.03,40.15,47.02
2000,ESP,71.93,73.82,69.09,76.97,64.17,71.42
2000,EST,22.33,25.24,17.97,47.35,12.75,21.3
2000,FIN,56.07,62.27,46.76,68.57,40.17,53.96
2000,FRA,82.62,85.11,78.88,86.17,75.22,81.94
2000,GBR,85.2,86.9,82.64,87.72,79.55,84.74
2000,GRC,50.84,48.76,53.96,59.91,47.7,51.29
2000,HKG,61.33,64.19,57.03,69.9,50.97,60.5
2000,HRV,29.27,29.05,29.59,49.19,23.19,29.32
2000,HUN,48.38,51.69,43.42,61.69,36.75,47.37
2000,IDN,60.84,66.45,52.43,71.5,46.08,59.03
2000,IND,57.95,62.03,51.82,68.41,45.44,56.7
2000,IRL,58.49,63.71,50.67,69.57,44.23,56.82
2000,ISL,22.72,24.09,20.67,46.81,15.08,22.31
2000,ISR,53.9,56.91,49.39,64.99,42.89,53.02
2000,ITA,78.95,81.44,75.21,83.06,71.04,78.26
2000,JOR,23.17,21.38,25.86,45.56,19.73,23.51
2000,JPN,87.74,90.77,83.2,91.18,80.2,86.9
2000,KAZ,40.15,45.44,32.21,57.95,25.68,38.26
2000,KHM,15.75,15.09,16.74,42.78,11.71,15.89
2000,KOR,73.09,78.02,65.69,80.27,60.39,71.59
2000,LAO,9.22,9.15,9.32,40.31,5.8,9.23
2000,LTU,24.83,26.54,22.27,47.97,16.49,24.31
2000,LUX,47.16,56.1,33.75,64.47,27.16,43.51
2000,LVA,23.47,25.65,20.19,47.54,14.66,22.76
2000,MAR,35.75,36.83,34.12,53.17,27.52,35.45
2000,MEX,73.08,75.44,69.54,78.22,64.67,72.43
2000,MLT,24.36,27.05,20.32,48.22,14.77,23.44
2000,MMR,20.91,22.96,17.83,46.28,12.63,20.23
2000,MYS,61.96,69.82,50.16,73.95,43.69,59.18
2000,NGA,49.43,57.75,36.95,65.54,30.28,46.19
2000,NLD,73.75,78.03,67.32,80.28,62.2,72.48
2000,NOR,63.13,70.04,52.77,74.11,46.44,60.79
2000,NZL,43.57,45.35,40.9,57.9,34.2,43.07
2000,PAK,37.16,38.26,35.51,53.93,28.87,36.86
2000,PER,38.01,40.34,34.51,55.07,27.9,37.31
2000,PHL,47.5,49.88,43.92,60.58,37.26,46.81
2000,POL,57.02,58.7,54.5,66.17,48.27,56.56
2000,PRT,52.21,52.0,52.52,61.88,46.17,52.26
2000,ROU,33.88,35.67,31.2,52.56,24.72,33.36
2000,RUS,67.97,73.67,59.41,76.85,53.53,66.16
2000,SAU,66.98,73.23,57.6,76.51,51.58,64.95
2000,SEN,13.78,14.18,13.19,42.39,8.8,13.68
2000,SGP,62.1,68.28,52.84,72.82,46.51,60.07
2000,SVK,37.22,40.73,31.96,55.28,25.44,36.08
2000,SVN,35.83,38.15,32.36,53.88,25.82,35.14
2000,SWE,67.24,71.05,61.53,74.86,55.83,66.12
2000,THA,60.84,65.47,53.89,70.8,47.62,59.4
2000,TUN,31.64,32.52,30.32,50.93,23.88,31.4
2000,TUR,57.46,58.3,56.2,65.9,50.08,57.24
2000,TWN,73.15,77.69,66.35,80.0,61.12,71.8
2000,UKR,38.84,45.68,28.59,58.09,22.26,36.14
2000,USA,100.0,100.0,100.0,100.0,100.0,100.0
2000,VNM,42.62,45.41,38.43,57.93,31.74,41.77
2000,ZAF,54.83,60.19,46.8,67.16,40.21,53.07
2001,ARG,53.35,54.92,50.99,63.71,44.56,52.92
2001,AUS,66.56,68.96,62.95,73.32,57.38,65.89
2001,AUT,64.98,67.41,61.33,72.19,55.62,64.3
2001,BEL,70.85,75.63,63.68,78.37,58.18,69.4
2001,BGD,30.02,26.34,35.55,47.87,28.91,30.6
2001,BGR,29.5,30.56,27.92,49.94,21.63,29.21
2001,BLR,35.31,39.85,28.49,54.8,22.16,33.69
2001,BRA,63.66,65.87,60.35,71.08,54.55,63.05
2001,BRN,27.73,34.33,17.82,51.86,12.62,24.73
2001,CAN,80.8,84.9,74.66,85.98,70.42,79.62
2001,CHE,68.99,71.93,64.58,75.53,59.17,68.16
2001,CHL,51.16,55.17,45.14,63.87,38.5,49.9
2001,CHN,76.21,81.11,68.86,82.79,63.91,74.73
2001,CIV,26.7,30.87,20.45,50.09,14.89,25.13
2001,CMR,24.74,28.32,19.36,48.83,13.94,23.42
2001,COL,46.3,47.38,44.67,59.08,38.02,46.01
2001,CRI,31.15,32.2,29.57,50.76,23.18,30.86
2001,CYP,28.93,30.97,25.86,50.14,19.73,28.3
2001,CZE,52.51,56.03,47.23,64.42,40.65,51.44
2001,DEU,89.18,92.04,84.9,92.35,82.17,88.4
2001,DNK,60.19,64.71,53.42,70.26,47.12,58.79
2001,EGY,48.09,48.75,47.1,59.9,40.52,47.92
2001,ESP,73.14,75.24,69.98,78.07,65.16,72.56
2001,EST,24.9,27.76,20.6,48.56,15.02,23.91
2001,FIN,56.89,62.78,48.05,68.92,41.5,54.92
2001,FRA,83.65,86.26,79.74,87.16,76.21,82.94
2001,GBR,86.06,87.7,83.61,88.43,80.67,85.63
2001,GRC,51.92,49.75,55.18,60.5,48.99,52.39
2001,HKG,61.56,64.5,57.14,70.12,51.09,60.71
2001,HRV,32.3,31.8,33.06,50.56,26.49,32.42
2001,HUN,50.94,54.34,45.84,63.34,39.22,49.91
2001,IDN,61.84,66.77,54.44,71.73,48.21,60.29
2001,IND,59.82,63.7,54.01,69.56,47.75,58.66
2001,IRL,61.08,66.86,52.42,71.79,46.07,59.2
2001,ISL,23.77,25.96,20.49,47.69,14.92,23.06
2001,ISR,54.14,56.68,50.33,64.84,43.87,53.41
2001,ITA,80.02,82.86,75.77,84.25,71.68,79.24
2001,JOR,25.45,23.61,28.2,46.58,21.89,25.8
2001,JPN,86.74,89.7,82.29,90.21,79.14,85.92
2001,KAZ,42.15,45.8,36.68,58.16,30.01,40.99
2001,KHM,17.72,17.18,18.52,43.68,13.22,17.84
2001,KOR,72.53,77.47,65.12,79.83,59.77,71.03
2001,LAO,9.09,9.09,9.09,40.29,5.63,9.09
2001,LTU,27.73,29.45,25.14,49.39,19.07,27.21
2001,LUX,48.23,56.62,35.65,64.8,29.0,44.93
2001,LVA,26.09,27.81,23.51,48.58,17.6,25.57
2001,MAR,37.32,38.74,35.19,54.19,28.56,36.92
2001,MEX,73.36,75.28,70.48,78.1,65.72,72.84
2001,MLT,23.78,27.25,18.58,48.31,13.27,22.5
2001,MMR,22.55,25.65,17.9,47.54,12.69,21.43
2001,MYS,62.3,69.39,51.67,73.63,45.28,59.88
2001,NGA,52.58,56.45,46.77,64.69,40.18,51.38
2001,NLD,74.5,78.84,68.0,80.93,62.95,73.22
2001,NOR,63.96,70.91,53.53,74.76,47.24,61.61
2001,NZL,44.52,46.24,41.93,58.41,35.24,44.03
2001,PAK,37.95,39.47,35.66,54.59,29.01,37.52
2001,PER,39.52,41.84,36.03,55.9,29.38,38.83
2001,PHL,48.81,50.67,46.03,61.06,39.41,48.29
2001,POL,58.71,61.03,55.22,67.73,49.04,58.05
2001,PRT,53.1,52.86,53.47,62.41,47.18,53.16
2001,ROU,37.3,38.42,35.63,54.02,28.99,37.0
2001,RUS,69.95,74.48,63.16,77.48,57.61,68.59
2001,SAU,66.95,72.56,58.54,76.0,52.59,65.17
2001,SEN,15.91,15.76,16.14,43.07,11.21,15.95
2001,SGP,62.96,69.13,53.7,73.44,47.42,60.93
2001,SVK,40.53,43.23,36.49,56.68,29.83,39.72
2001,SVN,37.61,40.14,33.81,54.96,27.22,36.84
2001,SWE,66.87,70.97,60.71,74.8,54.94,65.64
2001,THA,61.3,65.7,54.7,70.96,48.48,59.95
2001,TUN,34.51,35.15,33.56,52.28,26.98,34.35
2001,TUR,56.13,59.01,51.82,66.37,45.44,55.3
2001,TWN,71.69,76.96,63.79,79.42,58.3,70.07
2001,UKR,41.54,47.69,32.31,59.27,25.78,39.25
2001,USA,100.0,100.0,100.0,100.0,100.0,100.0
2001,VNM,44.72,47.4,40.69,59.1,33.99,43.92
2001,ZAF,55.24,60.74,47.0,67.53,40.41,53.43
2002,ARG,48.35,54.77,38.72,63.62,32.03,46.05
2002,AUS,67.15,69.84,63.12,73.96,57.57,66.4
2002,AUT,65.56,69.15,60.18,73.45,54.37,64.51
2002,BEL,71.17,76.81,62.72,79.3,57.13,69.41
2002,BGD,30.22,27.23,34.7,48.3,28.08,30.74
2002,BGR,31.23,33.14,28.37,51.24,22.05,30.66
2002,BLR,36.81,41.71,29.47,55.83,23.08,35.06
2002,BRA,62.93,67.55,55.99,72.29,49.86,61.5
2002,BRN,28.99,35.23,19.64,52.32,14.18,26.3
2002,CAN,80.69,84.9,74.38,85.98,70.1,79.47
2002,CHE,69.51,73.33,63.77,76.59,58.28,68.38
2002,CHL,50.87,55.73,43.58,64.23,36.91,49.28
2002,CHN,78.58,83.87,70.65,85.1,65.91,76.98
2002,CIV,28.4,34.26,19.62,51.82,14.17,25.93
2002,CMR,25.92,29.62,20.38,49.47,14.83,24.57
2002,COL,46.16,47.95,43.48,59.42,36.81,45.66
2002,CRI,31.53,33.02,29.29,51.18,22.91,31.1
2002,CYP,30.11,32.87,25.96,51.1,19.82,29.21
2002,CZE,53.67,57.96,47.23,65.68,40.65,52.32
2002,DEU,89.75,93.49,84.13,93.7,81.27,88.69
2002,DNK,61.13,65.95,53.91,71.14,47.64,59.63
2002,EGY,48.19,49.58,46.11,60.4,39.5,47.81
2002,ESP,73.99,76.76,69.84,79.26,65.0,73.22
2002,EST,26.98,30.2,22.16,49.76,16.39,25.87
2002,FIN,57.61,64.01,48.01,69.77,41.46,55.44
2002,FRA,84.17,87.22,79.59,88.0,76.04,83.32
2002,GBR,86.67,88.49,83.93,89.13,81.04,86.18
2002,GRC,52.11,50.54,54.46,60.98,48.23,52.46
2002,HKG,60.87,64.91,54.8,70.41,48.59,59.64
2002,HRV,34.72,34.22,35.47,51.8,28.83,34.84
2002,HUN,52.93,56.84,47.06,64.95,40.47,51.72
2002,IDN,62.3,67.91,53.88,72.55,47.61,60.49
2002,IND,61.55,66.17,54.63,71.3,48.41,60.12
2002,IRL,62.68,69.01,53.18,73.35,46.87,60.58
2002,ISL,24.14,27.48,19.13,48.42,13.74,22.93
2002,ISR,53.65,57.04,48.56,65.08,42.03,52.63
2002,ITA,80.72,83.88,75.99,85.11,71.93,79.84
2002,JOR,26.74,26.38,27.28,47.89,21.04,26.83
2002,JPN,86.75,90.39,81.29,90.84,77.99,85.72
2002,KAZ,43.85,48.25,37.25,59.6,30.57,42.39
2002,KHM,18.83,18.69,19.03,44.35,13.66,18.86
2002,KOR,73.4,78.96,65.06,81.03,59.7,71.67
2002,LAO,9.08,9.02,9.17,40.26,5.69,9.09
2002,LTU,29.7,31.94,26.33,50.63,20.16,29.0
2002,LUX,48.88,57.97,35.25,65.68,28.61,45.2
2002,LVA,27.02,29.42,23.42,49.37,17.52,26.25
2002,MAR,38.69,40.95,35.31,55.41,28.67,38.03
2002,MEX,73.37,75.86,69.63,78.55,64.77,72.68
2002,MLT,24.98,29.8,17.74,49.56,12.55,22.99
2002,MMR,23.33,27.57,16.98,48.47,11.91,21.64
2002,MYS,62.06,70.28,49.73,74.29,43.25,59.12
2002,NGA,53.37,57.84,46.66,65.6,40.06,51.95
2002,NLD,75.02,80.08,67.43,81.94,62.32,73.48
2002,NOR,64.39,71.48,53.76,75.19,47.48,61.99
2002,NZL,44.97,47.18,41.66,58.97,34.97,44.33
2002,PAK,40.31,42.44,37.12,56.24,30.45,39.69
2002,PER,40.37,43.92,35.04,57.08,28.41,39.23
2002,PHL,50.22,52.77,46.39,62.36,39.78,49.48
2002,POL,59.84,62.86,55.3,68.98,49.12,58.96
2002,PRT,54.03,54.93,52.68,63.72,46.34,53.79
2002,ROU,39.18,41.56,35.62,55.74,28.98,38.48
2002,RUS,71.25,75.86,64.33,78.55,58.9,69.86
2002,SAU,67.39,73.89,57.65,77.02,51.64,65.27
2002,SEN,17.12,17.94,15.88,44.02,10.99,16.88
2002,SGP,63.01,69.9,52.67,74.01,46.33,60.68
2002,SVK,42.29,45.79,37.03,58.15,30.36,41.18
2002,SVN,38.98,42.5,33.69,56.27,27.1,37.84
2002,SWE,67.46,72.08,60.52,75.64,54.74,66.05
2002,THA,62.18,67.16,54.72,72.01,48.5,60.62
2002,TUN,34.5,35.98,32.27,52.72,25.74,34.07
2002,TUR,57.19,60.87,51.68,67.62,45.29,56.09
2002,TWN,72.45,78.67,63.13,80.79,57.58,70.47
2002,UKR,42.37,49.7,31.38,60.47,24.89,39.49
2002,USA,100.0,100.0,100.0,100.0,100.0,100.0
2002,VNM,46.38,49.62,41.52,60.42,34.83,45.39
2002,ZAF,55.36,61.58,46.04,68.1,39.42,53.25
2003,ARG,50.86,56.12,42.98,64.48,36.3,49.11
2003,AUS,69.2,71.18,66.23,74.96,60.99,68.66
2003,AUT,67.64,70.84,62.84,74.71,57.26,66.72
2003,BEL,73.29,78.45,65.54,80.61,60.23,71.71
2003,BGD,31.33,27.62,36.89,48.49,30.22,31.92
2003,BGR,34.55,35.65,32.91,52.55,26.35,34.25
2003,BLR,39.36,43.78,32.72,57.0,26.17,37.85
2003,BRA,64.04,69.13,56.41,73.44,50.31,62.45
2003,BRN,29.25,36.55,18.31,53.02,13.04,25.87
2003,CAN,81.75,85.86,75.59,86.81,71.48,80.56
2003,CHE,70.97,74.58,65.55,77.55,60.24,69.92
2003,CHL,52.0,57.32,44.01,65.26,37.35,50.23
2003,CHN,82.38,87.31,74.99,88.08,70.8,80.92
2003,CIV,30.51,35.21,23.47,52.31,17.56,28.75
2003,CMR,27.72,30.89,22.96,50.1,17.11,26.63
2003,COL,46.76,48.38,44.32,59.68,37.66,46.31
2003,CRI,32.42,33.49,30.82,51.42,24.36,32.13
2003,CYP,31.98,34.71,27.88,52.05,21.59,31.11
2003,CZE,55.83,60.21,49.26,67.17,42.76,54.46
2003,DEU,91.75,95.49,86.13,95.59,83.6,90.69
2003,DNK,62.9,67.61,55.84,72.33,49.7,61.44
2003,EGY,47.88,49.38,45.62,60.28,38.99,47.46
2003,ESP,76.38,78.88,72.62,80.96,68.12,75.69
2003,EST,30.37,32.96,26.49,51.15,20.31,29.55
2003,FIN,60.08,65.58,51.83,70.88,45.45,58.3
2003,FRA,85.9,88.76,81.61,89.37,78.36,85.11
2003,GBR,87.8,89.69,84.96,90.2,82.24,87.29
2003,GRC,54.84,52.83,57.86,62.39,51.86,55.29
2003,HKG,61.27,65.55,54.84,70.86,48.63,59.96
2003,HRV,37.98,36.86,39.65,53.18,32.95,38.23
2003,HUN,55.69,59.13,50.53,66.45,44.08,54.66
2003,IDN,63.18,68.88,54.63,73.26,48.41,61.34
2003,IND,63.93,68.52,57.05,72.99,50.99,62.52
2003,IRL,65.14,71.21,56.04,74.98,49.91,63.17
2003,ISL,25.91,28.27,22.36,48.81,16.57,25.14
2003,ISR,54.21,57.85,48.75,65.61,42.22,53.11
2003,ITA,82.5,85.55,77.93,86.55,74.14,81.65
2003,JOR,27.23,26.36,28.54,47.88,22.21,27.43
2003,JPN,87.71,91.64,81.81,91.98,78.59,86.59
2003,KAZ,46.31,51.09,39.14,61.32,32.44,44.72
2003,KHM,19.98,19.46,20.76,44.69,15.16,20.1
2003,KOR,74.87,80.65,66.19,82.41,60.95,73.06
2003,LAO,9.0,9.01,8.99,40.26,5.55,9.0
2003,LTU,33.36,35.24,30.53,52.33,24.08,32.8
2003,LUX,51.04,59.99,37.62,67.03,30.94,47.51
2003,LVA,29.23,31.0,26.58,50.16,20.39,28.71
2003,MAR,40.9,42.27,38.85,56.14,32.16,40.52
2003,MEX,73.23,75.85,69.3,78.54,64.4,72.5
2003,MLT,27.35,31.31,21.4,50.31,15.72,25.89
2003,MMR,22.17,26.13,16.23,47.77,11.28,20.59
2003,MYS,62.64,71.22,49.78,74.99,43.3,59.54
2003,NGA,56.86,60.51,51.38,67.37,44.97,55.76
2003,NLD,77.09,81.96,69.78,83.49,64.93,75.63
2003,NOR,65.9,72.66,55.75,76.08,49.6,63.65
2003,NZL,46.95,48.39,44.8,59.68,38.15,46.56
2003,PAK,41.51,43.84,38.01,57.03,31.32,40.82
2003,PER,41.93,45.38,36.76,57.91,30.09,40.84
2003,PHL,51.39,54.31,47.0,63.32,40.41,50.52
2003,POL,62.4,65.55,57.67,70.86,51.66,61.48
2003,PRT,56.3,57.33,54.75,65.27,48.54,56.03
2003,ROU,42.4,44.08,39.87,57.17,33.17,41.92
2003,RUS,73.59,78.31,66.52,80.5,61.31,72.17
2003,SAU,69.51,76.55,58.95,79.1,53.04,67.18
2003,SEN,18.63,18.79,18.4,44.39,13.12,18.59
2003,SGP,64.09,71.61,52.8,75.28,46.47,61.49
2003,SVK,45.98,50.0,39.94,60.65,33.24,44.69
2003,SVN,41.79,44.76,37.34,57.56,30.66,40.88
2003,SWE,69.62,74.01,63.04,77.11,57.48,68.31
2003,THA,63.67,68.8,55.98,73.2,49.85,62.06
2003,TUN,35.91,37.13,34.07,53.33,27.47,35.57
2003,TUR,59.44,61.94,55.7,68.35,49.55,58.74
2003,TWN,73.44,79.49,64.37,81.46,58.94,71.53
2003,UKR,43.63,50.73,32.97,61.1,26.41,40.9
2003,USA,100.0,100.0,100.0,100.0,100.0,100.0
2003,VNM,48.74,51.76,44.22,61.73,37.56,47.84
2003,ZAF,58.37,63.83,50.19,69.65,43.73,56.6
2004,ARG,52.22,57.25,44.68,65.21,38.03,50.58
2004,AUS,69.96,72.18,66.63,75.71,61.43,69.35
2004,AUT,67.8,71.64,62.03,75.31,56.38,66.66
2004,BEL,73.8,79.26,65.6,81.27,60.3,72.11
2004,BGD,31.93,29.07,36.22,49.2,29.56,32.45
2004,BGR,37.58,39.91,34.09,54.83,27.49,36.89
2004,BLR,41.58,46.55,34.13,58.6,27.53,39.86
2004,BRA,65.12,71.13,56.1,74.92,49.98,63.17
2004,BRN,29.06,37.8,15.95,53.69,11.05,24.55
2004,CAN,81.78,86.49,74.71,87.36,70.48,80.38
2004,CHE,71.31,75.65,64.79,78.39,59.4,70.01
2004,CHL,54.38,61.12,44.27,67.79,37.61,52.02
2004,CHN,84.36,89.96,75.97,90.45,71.91,82.67
2004,CIV,30.9,36.18,22.97,52.82,17.12,28.83
2004,CMR,26.85,31.0,20.62,50.16,15.04,25.28
2004,COL,47.11,49.85,43.0,60.56,36.32,46.3
2004,CRI,31.84,33.72,29.01,51.54,22.65,31.28
2004,CYP,32.63,35.9,27.73,52.68,21.46,31.55
2004,CZE,58.21,63.41,50.4,69.36,43.95,56.53
2004,DEU,92.21,96.49,85.79,96.55,83.2,90.98
2004,DNK,63.12,68.13,55.6,72.71,49.44,61.55
2004,EGY,49.81,52.01,46.51,61.88,39.91,49.18
2004,ESP,76.86,79.41,73.04,81.39,68.59,76.16
2004,EST,31.03,34.6,25.67,52.0,19.56,29.8
2004,FIN,60.42,66.57,51.2,71.58,44.78,58.38
2004,FRA,86.14,89.17,81.59,89.74,78.34,85.3
2004,GBR,88.21,90.41,84.92,90.86,82.19,87.62
2004,GRC,56.2,55.74,56.88,64.24,50.81,56.31
2004,HKG,61.01,65.7,53.98,70.96,47.72,59.55
2004,HRV,38.54,38.6,38.44,54.12,31.75,38.52
2004,HUN,57.39,61.41,51.35,67.98,44.94,56.16
2004,IDN,64.11,69.87,55.48,73.99,49.31,62.26
2004,IND,66.33,71.17,59.06,74.95,53.16,64.83
2004,IRL,65.84,72.19,56.32,75.72,50.21,63.76
2004,ISL,26.53,29.31,22.35,49.32,16.56,25.59
2004,ISR,54.41,58.94,47.61,66.33,41.04,52.97
2004,ITA,82.91,86.42,77.64,87.3,73.81,81.91
2004,JOR,28.02,27.37,28.99,48.37,22.63,28.17
2004,JPN,88.34,92.56,82.01,92.83,78.82,87.13
2004,KAZ,49.38,55.75,39.82,64.24,33.12,47.12
2004,KHM,20.56,20.74,20.29,45.27,14.75,20.51
2004,KOR,76.19,83.01,65.96,84.37,60.69,74.0
2004,LAO,9.04,8.93,9.21,40.22,5.72,9.07
2004,LTU,34.57,37.37,30.38,53.46,23.94,33.69
2004,LUX,51.7,61.49,37.01,68.04,30.34,47.7
2004,LVA,30.62,32.98,27.09,51.16,20.86,29.89
2004,MAR,41.7,43.54,38.95,56.86,32.26,41.18
2004,MEX,73.7,76.48,69.52,79.04,64.64,72.92
2004,MLT,26.04,29.94,20.18,49.63,14.65,24.58
2004,MMR,22.46,27.63,14.71,48.5,10.03,20.16
2004,MYS,62.99,72.25,49.1,75.77,42.59,59.56
2004,NGA,52.96,59.17,43.65,66.48,36.98,50.82
2004,NLD,76.98,82.67,68.44,84.09,63.44,75.22
2004,NOR,66.88,73.93,56.3,77.05,50.19,64.52
2004,NZL,47.83,49.57,45.22,60.39,38.58,47.35
2004,PAK,41.52,43.73,38.21,56.97,31.52,40.88
2004,PER,43.24,48.54,35.29,59.77,28.65,41.39
2004,PHL,51.07,54.68,45.66,63.56,39.03,49.97
2004,POL,62.86,66.68,57.14,71.66,51.09,61.73
2004,PRT,56.84,58.32,54.61,65.92,48.39,56.43
2004,ROU,44.81,46.82,41.79,58.75,35.1,44.23
2004,RUS,75.47,80.81,67.47,82.54,62.36,73.84
2004,SAU,70.69,78.79,58.55,80.89,52.61,67.92
2004,SEN,18.96,20.01,17.38,44.94,12.25,18.65
2004,SGP,65.04,73.58,52.24,76.78,45.88,62.0
2004,SVK,48.71,53.19,42.0,62.62,35.31,47.26
2004,SVN,42.77,46.46,37.23,58.54,30.55,41.59
2004,SWE,69.82,75.03,62.01,77.9,56.36,68.21
2004,THA,64.48,69.95,56.27,74.04,50.16,62.74
2004,TUN,36.37,38.6,33.03,54.12,26.47,35.71
2004,TUR,61.79,64.27,58.08,69.96,52.1,61.1
2004,TWN,74.82,80.71,65.98,82.46,60.71,72.97
2004,UKR,45.96,54.08,33.78,63.18,27.19,42.74
2004,USA,100.0,100.0,100.0,100.0,100.0,100.0
2004,VNM,49.39,53.67,42.97,62.92,36.29,48.02
2004,ZAF,59.94,65.34,51.85,70.71,45.47,58.21
2005,ARG,52.15,56.77,45.21,64.9,38.57,50.66
2005,AUS,70.55,73.12,66.69,76.43,61.5,69.83
2005,AUT,66.69,70.69,60.69,74.59,54.92,65.5
2005,BEL,73.04,78.46,64.9,80.62,59.52,71.36
2005,BGD,31.23,28.52,35.3,48.93,28.66,31.73
2005,BGR,37.12,39.3,33.86,54.5,27.27,36.48
2005,BLR,39.96,45.91,31.03,58.22,24.55,37.74
2005,BRA,65.75,71.86,56.59,75.47,50.5,63.77
2005,BRN,28.62,37.76,14.9,53.67,10.18,23.72
2005,CAN,82.05,86.72,75.04,87.56,70.85,80.67
2005,CHE,70.11,73.96,64.34,77.07,58.91,68.98
2005,CHL,55.38,61.77,45.8,68.23,39.18,53.19
2005,CHN,84.58,91.52,74.16,91.87,69.86,82.38
2005,CIV,29.97,34.5,23.18,51.94,17.3,28.28
2005,CMR,25.59,30.0,18.98,49.66,13.61,23.86
2005,COL,47.7,50.41,43.63,60.9,36.96,46.9
2005,CRI,30.63,32.04,28.51,50.68,22.18,30.22
2005,CYP,30.08,32.9,25.86,51.12,19.73,29.17
2005,CZE,58.3,63.52,50.47,69.43,44.02,56.62
2005,DEU,91.68,96.12,85.02,96.19,82.3,90.4
2005,DNK,62.25,67.87,53.83,72.52,47.56,60.44
2005,EGY,50.03,51.76,47.44,61.73,40.87,49.55
2005,ESP,76.19,78.46,72.78,80.62,68.3,75.57
2005,EST,30.5,34.54,24.43,51.96,18.43,29.05
2005,FIN,59.05,64.91,50.26,70.41,43.8,57.12
2005,FRA,85.48,88.44,81.05,89.08,77.71,84.66
2005,GBR,87.48,89.76,84.07,90.27,81.2,86.87
2005,GRC,54.54,54.04,55.28,63.15,49.1,54.66
2005,HKG,59.88,64.84,52.45,70.36,46.1,58.32
2005,HRV,37.17,37.2,37.12,53.37,30.45,37.16
2005,HUN,56.31,60.71,49.71,67.51,43.22,54.94
2005,IDN,64.0,70.01,54.98,74.09,48.78,62.04
2005,IND,67.87,72.62,60.74,76.05,54.98,66.41
2005,IRL,65.7,71.42,57.12,75.14,51.07,63.87
2005,ISL,26.07,27.89,23.35,48.62,17.46,25.52
2005,ISR,53.03,57.42,46.45,65.32,39.85,51.64
2005,ITA,81.94,85.51,76.58,86.51,72.6,80.92
2005,JOR,27.44,25.85,29.82,47.64,23.41,27.76
2005,JPN,87.4,91.99,80.52,92.3,77.11,86.06
2005,KAZ,51.23,57.5,41.83,65.38,35.14,49.04
2005,KHM,19.92,20.03,19.75,44.95,14.28,19.89
2005,KOR,76.14,83.3,65.4,84.62,60.07,73.81
2005,LAO,9.28,9.19,9.41,40.33,5.87,9.3
2005,LTU,34.76,37.94,29.98,53.76,23.56,33.73
2005,LUX,50.47,60.13,35.97,67.12,29.32,46.51
2005,LVA,30.47,32.57,27.33,50.95,21.08,29.84
2005,MAR,40.75,42.89,37.53,56.49,30.85,40.12
2005,MEX,73.7,76.7,69.21,79.22,64.3,72.86
2005,MLT,24.15,27.2,19.57,48.29,14.12,23.07
2005,MMR,22.42,27.73,14.45,48.54,9.81,20.02
2005,MYS,63.35,72.49,49.63,75.95,43.14,59.98
2005,NGA,54.55,60.55,45.54,67.4,38.91,52.51
2005,NLD,76.02,82.01,67.04,83.54,61.89,74.15
2005,NOR,67.44,74.97,56.14,77.86,50.02,64.88
2005,NZL,46.9,48.12,45.06,59.52,38.42,46.56
2005,PAK,42.07,42.74,41.06,56.41,34.36,41.89
2005,PER,44.0,49.86,35.22,60.57,28.59,41.91
2005,PHL,50.25,54.62,43.7,63.52,37.03,48.86
2005,POL,62.81,67.07,56.42,71.94,50.32,61.51
2005,PRT,54.99,56.31,53.01,64.6,46.69,54.64
2005,ROU,45.3,47.33,42.26,59.06,35.57,44.72
2005,RUS,76.93,82.64,68.37,84.06,63.36,75.17
2005,SAU,73.32,81.72,60.72,83.29,54.95,70.44
2005,SEN,18.09,19.04,16.66,44.5,11.64,17.81
2005,SGP,65.15,74.57,51.01,77.55,44.58,61.68
2005,SVK,48.7,52.87,42.44,62.42,35.75,47.37
2005,SVN,41.38,45.26,35.55,57.85,28.91,40.11
2005,SWE,68.59,73.85,60.69,76.99,54.92,66.95
2005,THA,64.61,69.78,56.85,73.92,50.78,62.98
2005,TUN,35.06,37.78,30.98,53.68,24.51,34.21
2005,TUR,61.8,64.08,58.39,69.82,52.43,61.17
2005,TWN,74.31,80.58,64.9,82.35,59.52,72.32
2005,UKR,45.68,52.33,35.7,62.08,29.05,43.22
2005,USA,100.0,100.0,100.0,100.0,100.0,100.0
2005,VNM,48.72,53.42,41.67,62.76,34.98,47.18
2005,ZAF,59.93,65.11,52.15,70.55,45.78,58.27
2006,ARG,50.71,53.72,46.19,62.95,39.58,49.81
2006,AUS,69.48,71.47,66.5,75.18,61.29,68.94
2006,AUT,65.32,68.34,60.8,72.86,55.04,64.46
2006,BEL,71.59,76.42,64.34,78.99,58.91,70.12
2006,BGD,29.14,24.53,36.05,47.02,29.4,29.74
2006,BGR,36.45,37.29,35.18,53.41,28.55,36.22
2006,BLR,39.45,42.9,34.28,56.5,27.67,38.35
2006,BRA,65.79,70.49,58.74,74.45,52.81,64.35
2006,BRN,26.9,34.77,15.09,52.08,10.34,22.91
2006,CAN,81.3,85.16,75.51,86.21,71.38,80.19
2006,CHE,68.43,71.38,64.0,75.11,58.54,67.59
2006,CHL,55.85,61.77,46.98,68.23,40.39,53.87
2006,CHN,84.47,92.06,73.09,92.37,68.65,82.03
2006,CIV,26.18,29.27,21.54,49.3,15.85,25.11
2006,CMR,23.05,25.85,18.85,47.64,13.5,22.07
2006,COL,46.35,47.32,44.89,59.05,38.25,46.09
2006,CRI,28.21,27.51,29.27,48.44,22.89,28.38
2006,CYP,27.76,28.48,26.69,48.91,20.49,27.57
2006,CZE,57.17,61.51,50.66,68.05,44.22,55.82
2006,DEU,91.63,95.89,85.24,95.97,82.56,90.41
2006,DNK,61.29,65.7,54.68,70.96,48.46,59.94
2006,EGY,48.6,48.84,48.24,59.95,41.7,48.54
2006,ESP,75.11,76.43,73.12,79.0,68.68,74.76
2006,EST,29.35,30.72,27.3,50.02,21.06,28.96
2006,FIN,57.14,62.09,49.71,68.45,43.22,55.56
2006,FRA,84.52,86.98,80.82,87.79,77.45,83.84
2006,GBR,86.93,88.99,83.85,89.57,80.95,86.38
2006,GRC,52.63,50.56,55.74,60.99,49.59,53.09
2006,HKG,58.94,62.72,53.26,68.88,46.95,57.8
2006,HRV,34.58,32.86,37.15,51.1,30.48,34.94
2006,HUN,55.02,58.62,49.62,66.11,43.13,53.93
2006,IDN,63.13,68.23,55.49,72.78,49.32,61.53
2006,IND,68.27,72.16,62.43,75.7,56.82,67.12
2006,IRL,64.39,68.94,57.57,73.3,51.55,63.0
2006,ISL,23.83,23.16,24.84,46.38,18.8,23.99
2006,ISR,50.62,53.44,46.4,62.78,39.79,49.8
2006,ITA,81.18,84.26,76.56,85.44,72.58,80.32
2006,JOR,25.41,22.33,30.03,45.99,23.61,25.9
2006,JPN,86.47,91.03,79.62,91.42,76.07,85.13
2006,KAZ,51.68,57.0,43.7,65.05,37.03,49.91
2006,KHM,17.92,16.01,20.78,43.18,15.18,18.24
2006,KOR,75.91,82.18,66.5,83.68,61.29,73.93
2006,LAO,9.68,9.88,9.38,40.61,5.84,9.63
2006,LTU,33.86,34.67,32.64,52.03,26.09,33.64
2006,LUX,48.63,57.62,35.15,65.46,28.52,45.0
2006,LVA,29.21,28.32,30.54,48.83,24.09,29.41
2006,MAR,38.96,39.32,38.42,54.51,31.73,38.87
2006,MEX,73.18,75.27,70.05,78.09,65.24,72.61
2006,MLT,21.58,23.25,19.07,46.42,13.69,21.06
2006,MMR,20.69,24.45,15.04,46.98,10.3,19.18
2006,MYS,61.37,69.72,48.84,73.87,42.32,58.35
2006,NGA,57.99,64.52,48.2,70.13,41.65,55.77
2006,NLD,74.97,80.13,67.23,81.98,62.1,73.4
2006,NOR,66.5,73.34,56.24,76.6,50.12,64.22
2006,NZL,43.49,43.05,44.15,56.58,37.49,43.6
2006,PAK,39.62,37.94,42.15,53.76,35.46,39.99
2006,PER,43.63,48.55,36.24,59.78,29.58,41.95
2006,PHL,48.86,52.14,43.94,61.97,37.28,47.86
2006,POL,62.87,65.94,58.26,71.13,52.29,61.98
2006,PRT,53.44,53.71,53.03,62.95,46.71,53.37
2006,ROU,45.31,45.15,45.55,57.78,38.92,45.35
2006,RUS,77.62,82.51,70.28,83.95,65.49,76.15
2006,SAU,73.84,81.08,62.97,82.76,57.41,71.45
2006,SEN,14.8,13.84,16.23,42.25,11.28,14.99
2006,SGP,64.13,72.79,51.14,76.18,44.72,61.01
2006,SVK,48.12,51.3,43.35,61.45,36.68,47.16
2006,SVN,39.85,42.2,36.32,56.1,29.66,39.15
2006,SWE,67.31,71.7,60.73,75.35,54.96,65.99
2006,THA,63.24,67.79,56.42,72.46,50.32,61.84
2006,TUN,33.65,34.7,32.07,52.05,25.55,33.36
2006,TUR,60.9,61.55,59.93,68.08,54.1,60.73
2006,TWN,72.87,79.18,63.41,81.2,57.89,70.86
2006,UKR,44.8,48.97,38.55,60.03,31.86,43.45
2006,USA,100.0,100.0,100.0,100.0,100.0,100.0
2006,VNM,47.6,50.87,42.69,61.18,36.01,46.6
2006,ZAF,59.31,62.82,54.04,68.95,47.78,58.26
2007,ARG,51.59,54.7,46.92,63.57,40.33,50.66
2007,AUS,70.64,72.78,67.43,76.17,62.32,70.05
2007,AUT,65.71,69.12,60.59,73.43,54.81,64.71
2007,BEL,71.99,77.21,64.16,79.62,58.71,70.38
2007,BGD,29.61,25.39,35.94,47.42,29.29,30.21
2007,BGR,38.5,40.19,35.96,54.99,29.31,38.02
2007,BLR,40.07,44.08,34.06,57.17,27.46,38.75
2007,BRA,66.68,71.01,60.19,74.83,54.38,65.38
2007,BRN,25.44,32.99,14.12,51.17,9.55,21.58
2007,CAN,80.86,84.65,75.18,85.77,71.01,79.77
2007,CHE,68.77,72.36,63.39,75.85,57.87,67.73
2007,CHL,55.87,62.03,46.62,68.41,40.02,53.78
2007,CHN,85.53,94.06,72.73,94.23,68.24,82.71
2007,CIV,25.13,28.26,20.44,48.8,14.88,24.03
2007,CMR,23.1,26.95,17.33,48.17,12.21,21.61
2007,COL,46.62,47.75,44.93,59.3,38.29,46.32
2007,CRI,27.64,27.21,28.29,48.29,21.98,27.74
2007,CYP,28.45,29.69,26.59,49.5,20.4,28.1
2007,CZE,58.14,62.97,50.89,69.05,44.46,56.61
2007,DEU,92.33,96.82,85.6,96.87,82.98,91.04
2007,DNK,61.37,66.08,54.31,71.23,48.07,59.91
2007,EGY,50.06,50.36,49.62,60.87,43.13,49.99
2007,ESP,76.09,77.58,73.85,79.92,69.51,75.69
2007,EST,30.81,33.06,27.43,51.2,21.18,30.11
2007,FIN,57.76,63.16,49.65,69.18,43.16,56.0
2007,FRA,85.0,87.21,81.69,87.99,78.45,84.4
2007,GBR,87.22,89.14,84.35,89.71,81.53,86.71
2007,GRC,54.33,52.53,57.02,62.21,50.96,54.73
2007,HKG,58.05,61.83,52.38,68.27,46.03,56.91
2007,HRV,34.64,33.69,36.07,51.53,29.42,34.86
2007,HUN,55.88,60.12,49.53,67.11,43.04,54.57
2007,IDN,63.08,67.89,55.87,72.54,49.73,61.59
2007,IND,69.9,73.55,64.43,76.76,59.01,68.84
2007,IRL,64.63,69.35,57.56,73.6,51.54,63.18
2007,ISL,23.61,24.95,21.61,47.21,15.91,23.22
2007,ISR,50.67,53.72,46.09,62.95,39.48,49.76
2007,ITA,81.69,84.91,76.86,85.99,72.92,80.78
2007,JOR,24.98,22.2,29.15,45.93,22.78,25.44
2007,JPN,85.94,90.73,78.75,91.15,75.08,84.53
2007,KAZ,53.54,58.32,46.38,65.92,39.77,52.01
2007,KHM,17.67,16.45,19.49,43.37,14.05,17.91
2007,KOR,76.2,82.86,66.2,84.25,60.96,74.06
2007,LAO,9.86,9.89,9.81,40.61,6.17,9.85
2007,LTU,34.85,35.37,34.06,52.4,27.46,34.71
2007,LUX,47.49,56.85,33.45,64.95,26.87,43.61
2007,LVA,31.0,30.64,31.53,49.98,25.03,31.08
2007,MAR,40.13,39.64,40.87,54.68,34.17,40.25
2007,MEX,72.78,75.04,69.4,77.91,64.51,72.16
2007,MLT,21.71,24.58,17.41,47.04,12.27,20.69
2007,MMR,19.59,23.64,13.51,46.6,9.05,17.87
2007,MYS,61.49,69.92,48.84,74.02,42.32,58.44
2007,NGA,57.55,60.53,53.08,67.39,46.76,56.68
2007,NLD,75.27,80.55,67.35,82.32,62.23,73.65
2007,NOR,66.57,73.23,56.57,76.51,50.48,64.36
2007,NZL,43.4,43.72,42.92,56.96,36.24,43.32
2007,PAK,38.26,36.52,40.86,53.0,34.16,38.63
2007,PER,44.5,49.44,37.09,60.31,30.42,42.82
2007,PHL,48.53,52.35,42.79,62.1,36.11,47.33
2007,POL,64.5,67.52,59.96,72.27,54.13,63.63
2007,PRT,53.22,53.88,52.23,63.05,45.87,53.05
2007,ROU,48.41,47.86,49.23,59.37,42.72,48.54
2007,RUS,78.85,83.07,72.53,84.43,68.02,77.62
2007,SAU,74.51,80.83,65.04,82.56,59.68,72.51
2007,SEN,15.18,14.15,16.72,42.38,11.69,15.38
2007,SGP,64.06,72.71,51.09,76.12,44.67,60.95
2007,SVK,49.82,53.58,44.19,62.86,37.53,48.66
2007,SVN,40.8,43.55,36.68,56.86,30.01,39.97
2007,SWE,67.68,72.18,60.94,75.71,55.19,66.32
2007,THA,62.86,68.46,54.47,72.95,48.24,61.07
2007,TUN,34.51,36.54,31.46,53.01,24.96,33.9
2007,TUR,61.35,62.08,60.25,68.44,54.44,61.16
2007,TWN,72.43,79.53,61.78,81.49,56.11,70.1
2007,UKR,46.41,50.33,40.54,60.85,33.84,45.17
2007,USA,100.0,100.0,100.0,100.0,100.0,100.0
2007,VNM,49.37,51.99,45.44,61.87,38.81,48.6
2007,ZAF,59.43,63.29,53.65,69.27,47.37,58.27
2008,ARG,52.33,55.23,47.97,63.91,41.42,51.47
2008,AUS,70.88,73.21,67.39,76.5,62.28,70.24
2008,AUT,65.28,68.79,60.02,73.19,54.19,64.26
2008,BEL,72.49,77.5,64.98,79.85,59.61,70.96
2008,BGD,27.74,23.41,34.24,46.49,27.63,28.31
2008,BGR,38.76,40.54,36.09,55.18,29.44,38.25
2008,BLR,42.1,46.17,36.0,58.37,29.35,40.77
2008,BRA,68.79,72.39,63.4,75.87,57.88,67.75
2008,BRN,25.92,34.26,13.41,51.82,8.97,21.43
2008,CAN,81.41,84.85,76.24,85.94,72.21,80.43
2008,CHE,68.76,72.17,63.64,75.71,58.14,67.77
2008,CHL,54.56,59.13,47.7,66.45,41.14,53.11
2008,CHN,88.04,96.05,76.03,96.13,71.98,85.46
2008,CIV,24.42,28.04,18.99,48.69,13.62,23.08
2008,CMR,23.67,27.0,18.67,48.19,13.35,22.45
2008,COL,47.59,49.61,44.57,60.42,37.92,47.02
2008,CRI,26.59,25.64,28.02,47.54,21.73,26.8
2008,CYP,28.42,29.47,26.85,49.4,20.64,28.13
2008,CZE,58.37,63.03,51.38,69.09,44.97,56.91
2008,DEU,92.56,96.69,86.36,96.74,83.86,91.38
2008,DNK,61.52,66.7,53.74,71.68,47.46,59.87
2008,EGY,51.31,51.27,51.36,61.43,44.95,51.31
2008,ESP,75.37,77.01,72.91,79.46,68.45,74.93
2008,EST,29.35,32.19,25.1,50.76,19.04,28.42
2008,FIN,57.53,62.45,50.15,68.69,43.68,55.96
2008,FRA,84.87,86.73,82.09,87.57,78.91,84.38
2008,GBR,85.95,87.81,83.17,88.52,80.16,85.46
2008,GRC,54.74,53.12,57.17,62.58,51.12,55.11
2008,HKG,56.48,60.09,51.06,67.09,44.64,55.39
2008,HRV,33.99,33.01,35.46,51.18,28.82,34.21
2008,HUN,54.95,59.34,48.37,66.59,41.83,53.57
2008,IDN,64.4,68.41,58.39,72.91,52.43,63.2
2008,IND,70.54,74.32,64.86,77.35,59.48,69.43
2008,IRL,63.07,68.66,54.68,73.1,48.46,61.27
2008,ISL,20.87,23.41,17.05,46.49,11.97,19.98
2008,ISR,49.91,52.99,45.28,62.49,38.64,48.98
2008,ITA,81.24,84.07,77.0,85.27,73.08,80.46
2008,JOR,25.9,24.01,28.74,46.77,22.4,26.27
2008,JPN,86.3,90.85,79.47,91.26,75.9,84.97
2008,KAZ,54.14,61.6,42.96,68.11,36.28,51.44
2008,KHM,17.5,16.79,18.57,43.51,13.26,17.66
2008,KOR,75.99,82.9,65.62,84.28,60.32,73.76
2008,LAO,10.19,10.15,10.26,40.72,6.51,10.2
2008,LTU,35.61,37.65,32.54,53.61,26.0,35.0
2008,LUX,47.28,57.18,32.43,65.17,25.89,43.06
2008,LVA,29.44,29.48,29.37,49.4,22.99,29.42
2008,MAR,41.79,41.23,42.62,55.56,35.94,41.92
2008,MEX,72.13,74.18,69.05,77.24,64.12,71.57
2008,MLT,22.97,26.19,18.14,47.8,12.89,21.8
2008,MMR,18.94,23.12,12.68,46.36,8.39,17.12
2008,MYS,61.6,70.35,48.48,74.34,41.94,58.4
2008,NGA,58.92,63.88,51.47,69.68,45.07,57.34
2008,NLD,75.15,80.75,66.74,82.49,61.56,73.41
2008,NOR,66.96,74.43,55.75,77.44,49.6,64.42
2008,NZL,42.19,42.69,41.45,56.38,34.76,42.07
2008,PAK,35.83,34.29,38.15,51.84,31.46,36.17
2008,PER,44.46,48.02,39.11,59.46,32.41,43.34
2008,PHL,48.01,51.35,43.01,61.48,36.33,47.0
2008,POL,65.61,68.07,61.91,72.67,56.25,64.92
2008,PRT,52.35,52.57,52.01,62.23,45.64,52.29
2008,ROU,49.41,49.07,49.91,60.09,43.43,49.49
2008,RUS,81.09,85.27,74.83,86.3,70.61,79.88
2008,SAU,75.69,82.58,65.36,84.01,60.03,73.47
2008,SEN,15.27,13.81,17.47,42.24,12.32,15.53
2008,SGP,65.02,73.02,53.02,76.35,46.7,62.22
2008,SVK,50.19,53.39,45.39,62.74,38.76,49.23
2008,SVN,40.06,42.74,36.05,56.41,29.4,39.25
2008,SWE,66.76,71.07,60.3,74.88,54.5,65.46
2008,THA,63.4,68.56,55.67,73.02,49.52,61.78
2008,TUN,35.15,37.23,32.04,53.38,25.52,34.54
2008,TUR,62.25,63.08,61.01,69.13,55.27,62.04
2008,TWN,71.27,78.37,60.61,80.55,54.83,68.92
2008,UKR,48.66,52.18,43.38,61.99,36.71,47.58
2008,USA,100.0,100.0,100.0,100.0,100.0,100.0
2008,VNM,50.22,53.03,46.0,62.52,39.38,49.39
2008,ZAF,58.56,62.34,52.9,68.62,46.57,57.43
2009,ARG,49.61,53.63,43.57,62.9,36.9,48.34
2009,AUS,71.45,74.66,66.64,77.62,61.44,70.54
2009,AUT,63.82,67.01,59.04,71.9,53.13,62.9
2009,BEL,70.91,75.91,63.41,78.59,57.89,69.38
2009,BGD,28.91,24.86,34.98,47.17,28.35,29.49
2009,BGR,34.54,37.2,30.54,53.37,24.09,33.71
2009,BLR,37.8,41.4,32.4,55.65,25.86,36.62
2009,BRA,66.95,70.49,61.64,74.45,55.95,65.92
2009,BRN,23.83,31.0,13.07,50.16,8.7,20.13
2009,CAN,78.82,81.71,74.49,83.29,70.23,78.02
2009,CHE,69.08,72.47,63.99,75.93,58.52,68.1
2009,CHL,52.99,58.81,44.26,66.24,37.6,51.02
2009,CHN,87.21,94.0,77.02,94.18,73.1,85.09
2009,CIV,25.49,30.05,18.65,49.68,13.33,23.67
2009,CMR,23.38,26.06,19.35,47.74,13.93,22.46
2009,COL,46.96,49.23,43.56,60.19,36.89,46.31
2009,CRI,25.13,25.84,24.07,47.64,18.1,24.94
2009,CYP,27.12,29.69,23.26,49.5,17.38,26.28
2009,CZE,56.17,61.04,48.87,67.73,42.35,54.62
2009,DEU,91.3,95.02,85.71,95.14,83.11,90.25
2009,DNK,59.27,64.54,51.37,70.15,44.96,57.58
2009,EGY,49.06,48.79,49.46,59.92,42.96,49.12
2009,ESP,73.7,75.79,70.57,78.5,65.82,73.13
2009,EST,25.46,29.69,19.12,49.5,13.73,23.83
2009,FIN,54.6,59.23,47.65,66.52,41.08,53.13
2009,FRA,83.48,85.09,81.07,86.15,77.74,83.06
2009,GBR,84.34,86.44,81.2,87.32,77.89,83.78
2009,GRC,51.51,50.21,53.47,60.78,47.18,51.81
2009,HKG,56.65,59.58,52.25,66.75,45.89,55.79
2009,HRV,30.9,31.0,30.75,50.16,24.29,30.87
2009,HUN,52.35,57.53,44.58,65.4,37.93,50.64
2009,IDN,63.02,68.27,55.15,72.81,48.96,61.36
2009,IND,70.83,74.58,65.21,77.55,59.87,69.74
2009,IRL,63.46,70.22,53.33,74.24,47.03,61.2
2009,ISL,18.77,22.65,12.96,46.14,8.61,17.13
2009,ISR,48.35,52.22,42.55,62.01,35.87,47.14
2009,ITA,79.38,81.54,76.14,83.14,72.1,78.79
2009,JOR,25.04,23.88,26.78,46.71,20.58,25.29
2009,JPN,84.78,88.88,78.62,89.48,74.93,83.59
2009,KAZ,51.12,56.8,42.6,64.92,35.92,49.19
2009,KHM,14.69,13.89,15.88,42.27,10.99,14.85
2009,KOR,73.89,82.18,61.46,83.68,55.76,71.07
2009,LAO,10.4,10.25,10.63,40.76,6.79,10.44
2009,LTU,30.74,33.94,25.94,51.65,19.8,29.67
2009,LUX,46.79,58.22,29.64,65.85,23.24,41.54
2009,LVA,25.07,27.57,21.31,48.47,15.64,24.24
2009,MAR,39.4,38.0,41.49,53.79,34.8,39.71
2009,MEX,69.99,71.99,66.98,75.57,61.82,69.44
2009,MLT,24.73,29.75,17.21,49.53,12.1,22.63
2009,MMR,21.15,26.13,13.69,47.77,9.2,18.91
2009,MYS,60.31,68.7,47.72,73.12,41.16,57.26
2009,NGA,56.14,58.75,52.22,66.2,45.86,55.39
2009,NLD,74.33,80.0,65.83,81.87,60.55,72.57
2009,NOR,64.19,71.31,53.51,75.06,47.22,61.77
2009,NZL,41.05,42.37,39.06,56.2,32.37,40.68
2009,PAK,37.05,36.84,37.37,53.17,30.69,37.1
2009,PER,43.28,48.31,35.73,59.64,29.08,41.55
2009,PHL,48.65,52.35,43.11,62.1,36.43,47.51
2009,POL,63.4,66.82,58.28,71.76,52.31,62.4
2009,PRT,50.47,51.07,49.58,61.31,43.09,50.32
2009,ROU,45.73,47.32,43.35,59.05,36.68,45.29
2009,RUS,77.16,81.12,71.23,82.8,66.56,76.01
2009,SAU,73.46,77.83,66.91,80.12,61.74,72.16
2009,SEN,13.57,13.73,13.32,42.2,8.9,13.52
2009,SGP,64.3,73.02,51.21,76.35,44.79,61.15
2009,SVK,47.28,50.91,41.83,61.21,35.14,46.15
2009,SVN,36.93,39.9,32.47,54.83,25.93,35.99
2009,SWE,63.89,68.51,56.95,72.99,50.89,62.46
2009,THA,61.43,68.02,51.55,72.63,45.15,59.22
2009,TUN,32.39,34.45,29.29,51.92,22.91,31.77
2009,TUR,59.87,61.77,57.01,68.23,50.95,59.34
2009,TWN,69.27,76.94,57.77,79.41,51.77,66.67
2009,UKR,42.54,48.0,34.34,59.45,27.73,40.6
2009,USA,100.0,100.0,100.0,100.0,100.0,100.0
2009,VNM,50.17,53.34,45.42,62.71,38.79,49.22
2009,ZAF,56.49,60.93,49.83,67.66,43.35,55.1
2010,ARG,50.56,53.5,46.14,62.81,39.53,49.68
2010,AUS,72.15,75.16,67.64,78.0,62.55,71.3
2010,AUT,62.93,66.59,57.43,71.6,51.4,61.84
2010,BEL,69.17,74.45,61.24,77.45,55.52,67.52
2010,BGD,29.56,25.4,35.79,47.43,29.14,30.15
2010,BGR,33.55,36.62,28.95,53.06,22.59,32.56
2010,BLR,37.54,40.83,32.61,55.34,26.06,36.49
2010,BRA,69.25,72.67,64.13,76.09,58.68,68.27
2010,BRN,23.02,31.26,10.66,50.29,6.81,18.25
2010,CAN,79.01,81.68,75.0,83.26,70.81,78.27
2010,CHE,68.31,72.23,62.44,75.75,56.83,67.16
2010,CHL,55.14,60.16,47.61,67.14,41.04,53.52
2010,CHN,89.58,95.89,80.11,95.97,76.63,87.65
2010,CIV,24.11,27.32,19.29,48.35,13.88,22.96
2010,CMR,19.37,21.81,15.7,45.75,10.84,18.5
2010,COL,47.56,50.26,43.5,60.81,36.83,46.76
2010,CRI,24.84,25.03,24.55,47.25,18.54,24.79
2010,CYP,24.71,25.22,23.94,47.34,17.99,24.57
2010,CZE,55.57,60.59,48.04,67.43,41.49,53.95
2010,DEU,91.16,95.11,85.24,95.23,82.56,90.04
2010,DNK,56.88,62.49,48.47,68.72,41.93,55.04
2010,EGY,47.18,46.08,48.82,58.32,42.3,47.43
2010,ESP,72.34,74.51,69.09,77.5,64.17,71.75
2010,EST,25.15,29.38,18.8,49.35,13.46,23.5
2010,FIN,52.55,57.43,45.23,65.33,38.59,50.97
2010,FRA,81.93,84.05,78.75,85.26,75.08,81.36
2010,GBR,83.36,85.23,80.56,86.27,77.15,82.86
2010,GRC,48.89,48.97,48.77,60.03,42.25,48.87
2010,HKG,55.72,58.05,52.22,65.74,45.86,55.06
2010,HRV,28.32,29.51,26.53,49.42,20.35,27.98
2010,HUN,51.07,56.71,42.61,64.86,35.93,49.16
2010,IDN,65.02,70.22,57.21,74.24,51.16,63.38
2010,IND,72.17,76.05,66.36,78.7,61.13,71.04
2010,IRL,60.98,67.69,50.92,72.39,44.49,58.71
2010,ISL,17.89,21.96,11.78,45.82,7.68,16.08
2010,ISR,48.04,51.57,42.75,61.61,36.07,46.95
2010,ITA,78.25,80.66,74.64,82.42,70.4,77.59
2010,JOR,24.55,23.27,26.48,46.43,20.3,24.82
2010,JPN,85.6,90.18,78.74,90.65,75.06,84.27
2010,KAZ,48.05,58.59,32.24,66.09,25.71,43.46
2010,KHM,14.25,13.11,15.96,41.94,11.06,14.46
2010,KOR,75.8,83.2,64.71,84.54,59.32,73.37
2010,LAO,10.57,10.4,10.83,40.82,6.94,10.61
2010,LTU,30.77,34.31,25.47,51.85,19.37,29.56
2010,LUX,45.45,56.49,28.89,64.72,22.54,40.4
2010,LVA,24.15,26.42,20.74,47.91,15.14,23.41
2010,MAR,38.57,38.1,39.27,53.85,32.57,38.68
2010,MEX,70.97,73.06,67.83,76.38,62.76,70.4
2010,MLT,22.79,26.93,16.57,48.16,11.57,21.12
2010,MMR,20.57,24.45,14.74,46.98,10.05,18.98
2010,MYS,61.54,68.88,50.54,73.26,44.09,59.0
2010,NGA,59.38,63.83,52.71,69.65,46.37,58.0
2010,NLD,72.39,78.28,63.55,80.48,58.04,70.53
2010,NOR,63.55,70.47,53.17,74.43,46.86,61.21
2010,NZL,40.18,41.54,38.15,55.73,31.46,39.81
2010,PAK,36.55,36.77,36.21,53.14,29.55,36.49
2010,PER,44.67,49.36,37.64,60.27,30.96,43.1
2010,PHL,49.59,52.99,44.5,62.49,37.85,48.56
2010,POL,63.27,66.48,58.46,71.52,52.51,62.34
2010,PRT,49.21,49.86,48.23,60.57,41.69,49.04
2010,ROU,44.18,46.06,41.35,58.31,34.66,43.64
2010,RUS,78.34,82.69,71.82,84.11,67.22,77.06
2010,SAU,73.6,79.34,64.98,81.33,59.61,71.8
2010,SEN,11.63,11.73,11.48,41.37,7.45,11.6
2010,SGP,65.04,74.44,50.95,77.45,44.52,61.59
2010,SVK,46.55,50.12,41.19,60.73,34.49,45.44
2010,SVN,35.27,38.48,30.46,54.05,24.01,34.24
2010,SWE,63.03,67.75,55.95,72.43,49.81,61.57
2010,THA,62.6,68.59,53.61,73.04,47.33,60.64
2010,TUN,31.96,33.82,29.18,51.59,22.81,31.41
2010,TUR,60.17,60.69,59.38,67.5,53.5,60.03
2010,TWN,71.31,78.6,60.38,80.73,54.58,68.89
2010,UKR,42.66,48.03,34.61,59.47,27.99,40.77
2010,USA,100.0,100.0,100.0,100.0,100.0,100.0
2010,VNM,50.22,53.49,45.31,62.81,38.68,49.23
2010,ZAF,57.83,62.43,50.93,68.68,44.5,56.39
2011,ARG,50.31,52.69,46.73,62.31,40.13,49.62
2011,AUS,73.17,76.43,68.29,79.0,63.27,72.25
2011,AUT,62.1,65.62,56.81,70.91,50.74,61.06
2011,BEL,68.26,73.42,60.53,76.66,54.75,66.66
2011,BGD,28.18,23.34,35.44,46.46,28.8,28.76
2011,BGR,33.76,37.78,27.74,53.68,21.46,32.37
2011,BLR,39.23,44.62,31.15,57.48,24.67,37.28
2011,BRA,70.09,73.63,64.77,76.82,59.38,69.06
2011,BRN,23.73,31.67,11.81,50.49,7.7,19.34
2011,CAN,78.87,81.77,74.52,83.34,70.26,78.06
2011,CHE,67.94,71.2,63.06,74.98,57.5,67.01
2011,CHL,54.23,58.51,47.81,66.04,41.25,52.89
2011,CHN,90.96,97.39,81.32,97.42,78.03,88.99
2011,CIV,20.89,25.04,14.67,47.26,9.99,19.17
2011,CMR,18.48,20.69,15.16,45.24,10.4,17.71
2011,COL,49.06,52.2,44.36,62.0,37.7,48.12
2011,CRI,23.23,22.94,23.66,46.27,17.73,23.3
2011,CYP,21.86,22.48,20.94,46.06,15.32,21.7
2011,CZE,54.57,59.87,46.62,66.94,40.02,52.83
2011,DEU,91.38,95.34,85.43,95.45,82.78,90.25
2011,DNK,55.26,61.0,46.64,67.71,40.04,53.34
2011,EGY,44.0,42.92,45.61,56.51,38.98,44.24
2011,ESP,71.72,74.37,67.75,77.39,62.67,70.98
2011,EST,24.78,29.19,18.17,49.26,12.92,23.03
2011,FIN,50.94,55.51,44.08,64.09,37.42,49.47
2011,FRA,82.01,83.93,79.14,85.15,75.52,81.5
2011,GBR,82.5,84.63,79.31,85.75,75.72,81.93
2011,GRC,46.15,46.53,45.59,58.58,38.96,46.06
2011,HKG,53.87,55.44,51.52,64.04,45.12,53.44
2011,HRV,26.41,27.51,24.75,48.44,18.72,26.09
2011,HUN,49.3,54.97,40.79,63.74,34.09,47.35
2011,IDN,65.4,70.88,57.18,74.74,51.13,63.66
2011,IND,73.61,76.58,69.15,79.12,64.23,72.77
2011,IRL,59.18,66.2,48.65,71.32,42.12,56.75
2011,ISL,16.49,19.88,11.41,44.88,7.39,15.06
2011,ISR,47.53,50.22,43.5,60.79,36.83,46.74
2011,ITA,77.43,80.04,73.52,81.91,69.13,76.71
2011,JOR,22.59,20.71,25.41,45.25,19.32,22.94
2011,JPN,85.14,89.04,79.28,89.62,75.68,84.02
2011,KAZ,48.2,59.58,31.12,66.75,24.64,43.06
2011,KHM,12.97,12.02,14.39,41.49,9.77,13.15
2011,KOR,76.47,84.18,64.9,85.37,59.52,73.91
2011,LAO,10.97,10.88,11.1,41.02,7.15,10.99
2011,LTU,30.84,34.36,25.55,51.87,19.45,29.63
2011,LUX,43.08,53.72,27.13,62.95,20.9,38.18
2011,LVA,23.75,25.33,21.38,47.39,15.7,23.27
2011,MAR,37.34,36.66,38.36,53.08,31.67,37.5
2011,MEX,71.2,73.02,68.47,76.35,63.47,70.71
2011,MLT,16.77,18.64,13.97,44.33,9.42,16.14
2011,MMR,20.31,23.02,16.25,46.31,11.3,19.34
2011,MYS,59.51,67.93,46.87,72.56,40.28,56.43
2011,NGA,61.1,65.49,54.51,70.81,48.28,59.75
2011,NLD,71.57,77.8,62.22,80.09,56.59,69.58
2011,NOR,63.21,70.26,52.64,74.27,46.3,60.82
2011,NZL,39.34,40.53,37.55,55.17,30.87,39.01
2011,PAK,34.68,34.79,34.51,52.1,27.9,34.65
2011,PER,44.48,49.16,37.46,60.15,30.78,42.91
2011,PHL,46.48,49.18,42.42,60.16,35.73,45.68
2011,POL,62.32,65.74,57.2,70.99,51.15,61.32
2011,PRT,46.95,48.71,44.32,59.88,37.66,46.46
2011,ROU,43.5,45.7,40.21,58.1,33.51,42.87
2011,RUS,79.69,84.22,72.89,85.4,68.42,78.35
2011,SAU,74.56,82.06,63.32,83.58,57.79,72.08
2011,SEN,10.94,10.8,11.14,40.98,7.18,10.97
2011,SGP,64.41,74.55,49.21,77.53,42.7,60.57
2011,SVK,45.77,49.62,40.0,60.42,33.3,44.55
2011,SVN,33.74,36.9,29.01,53.21,22.65,32.72
2011,SWE,62.52,66.98,55.83,71.88,49.69,61.15
2011,THA,62.16,67.45,54.22,72.22,47.97,60.47
2011,TUN,28.7,30.09,26.61,49.7,20.42,28.3
2011,TUR,60.2,60.08,60.37,67.09,54.57,60.22
2011,TWN,69.81,77.3,58.57,79.69,52.63,67.29
2011,UKR,43.01,47.69,35.98,59.27,29.33,41.42
2011,USA,100.0,100.0,100.0,100.0,100.0,100.0
2011,VNM,49.51,53.5,43.53,62.81,36.86,48.26
2011,ZAF,56.61,61.33,49.53,67.93,43.04,55.12
2012,ARG,48.87,51.6,44.78,61.63,38.13,48.07
2012,AUS,72.92,75.87,68.5,78.56,63.51,72.09
2012,AUT,60.67,64.44,55.02,70.08,48.82,59.54
2012,BEL,66.75,72.22,58.54,75.74,52.59,65.02
2012,BGD,27.63,23.13,34.39,46.36,27.78,28.2
2012,BGR,33.19,36.85,27.7,53.18,21.43,31.95
2012,BLR,39.24,45.06,30.52,57.73,24.07,37.08
2012,BRA,68.94,72.13,64.15,75.68,58.7,68.02
2012,BRN,24.44,31.52,13.82,50.42,9.3,20.87
2012,CAN,78.2,81.04,73.93,82.73,69.6,77.4
2012,CHE,66.87,70.95,60.76,74.79,55.0,65.66
2012,CHL,53.72,57.26,48.4,65.22,41.86,52.64
2012,CHN,90.99,97.59,81.09,97.62,77.76,88.96
2012,CIV,22.0,23.99,19.02,46.76,13.65,21.36
2012,CMR,18.25,20.63,14.67,45.22,9.99,17.4
2012,COL,49.87,53.01,45.17,62.51,38.53,48.93
2012,CRI,23.86,23.65,24.17,46.6,18.19,23.91
2012,CYP,19.91,21.0,18.27,45.38,13.0,19.59
2012,CZE,53.35,58.86,45.08,66.27,38.44,51.51
2012,DEU,89.86,94.22,83.33,94.38,80.35,88.61
2012,DNK,54.29,59.97,45.76,67.01,39.14,52.39
2012,EGY,44.23,42.09,47.44,56.04,40.87,44.69
2012,ESP,69.52,73.06,64.22,76.38,58.78,68.5
2012,EST,24.54,28.34,18.83,48.84,13.48,23.1
2012,FIN,49.45,53.87,42.81,63.05,36.13,48.02
2012,FRA,80.38,82.66,76.95,84.08,73.02,79.75
2012,GBR,81.56,83.83,78.15,85.07,74.39,80.94
2012,GRC,43.67,45.59,40.79,58.04,34.09,43.12
2012,HKG,54.01,54.38,53.46,63.37,47.17,53.92
2012,HRV,25.02,26.08,23.42,47.75,17.52,24.71
2012,HUN,47.38,53.28,38.53,62.68,31.84,45.31
2012,IDN,65.01,69.45,58.34,73.68,52.38,63.65
2012,IND,73.79,76.68,69.45,79.2,64.57,72.98
2012,IRL,58.28,65.46,47.52,70.79,40.95,55.77
2012,ISL,15.77,18.91,11.06,44.45,7.12,14.46
2012,ISR,47.32,50.12,43.11,60.73,36.43,46.48
2012,ITA,74.88,78.61,69.28,80.74,64.38,73.8
2012,JOR,22.98,21.05,25.87,45.41,19.74,23.34
2012,JPN,84.62,88.09,79.42,88.77,75.84,83.64
2012,KAZ,49.87,59.37,35.63,66.61,28.99,45.99
2012,KHM,14.13,13.04,15.76,41.91,10.89,14.34
2012,KOR,75.97,84.41,63.3,85.56,57.77,73.1
2012,LAO,12.26,11.46,13.45,41.25,9.0,12.42
2012,LTU,30.71,34.55,24.95,51.97,18.9,29.36
2012,LUX,42.33,52.97,26.38,62.48,20.21,37.38
2012,LVA,24.0,25.64,21.54,47.54,15.85,23.5
2012,MAR,36.48,35.85,37.43,52.65,30.75,36.63
2012,MEX,71.14,73.04,68.28,76.37,63.26,70.62
2012,MLT,16.55,18.83,13.12,44.41,8.74,15.72
2012,MMR,21.55,23.39,18.8,46.48,13.46,20.97
2012,MYS,60.05,67.38,49.05,72.17,42.54,57.49
2012,NGA,58.78,66.62,47.02,71.62,40.43,55.97
2012,NLD,70.04,76.66,60.11,79.18,54.29,67.88
2012,NOR,62.67,70.01,51.67,74.09,45.28,60.14
2012,NZL,39.32,40.3,37.85,55.05,31.17,39.06
2012,PAK,34.2,33.99,34.52,51.68,27.91,34.25
2012,PER,44.7,48.72,38.67,59.88,31.98,43.41
2012,PHL,46.78,49.42,42.81,60.3,36.13,46.0
2012,POL,61.11,64.63,55.84,70.21,49.7,60.07
2012,PRT,44.71,47.48,40.56,59.14,33.86,43.88
2012,ROU,41.95,44.19,38.6,57.23,31.91,41.3
2012,RUS,79.92,84.06,73.7,85.27,69.34,78.71
2012,SAU,75.09,82.64,63.77,84.06,58.28,72.59
2012,SEN,11.26,10.81,11.93,40.99,7.8,11.36
2012,SGP,64.57,74.34,49.91,77.37,43.43,60.91
2012,SVK,44.97,49.54,38.11,60.37,31.42,43.45
2012,SVN,31.88,35.53,26.4,52.48,20.23,30.63
2012,SWE,61.21,65.81,54.31,71.04,48.07,59.78
2012,THA,62.43,67.39,54.98,72.17,48.78,60.87
2012,TUN,28.3,29.46,26.57,49.39,20.38,27.98
2012,TUR,60.08,60.98,58.73,67.69,52.8,59.84
2012,TWN,69.25,76.89,57.8,79.37,51.8,66.67
2012,UKR,44.14,48.34,37.85,59.65,31.17,42.77
2012,USA,100.0,100.0,100.0,100.0,100.0,100.0
2012,VNM,49.52,55.39,40.72,64.01,34.02,47.49
2012,ZAF,55.27,59.78,48.5,66.88,41.97,53.85
2013,ARG,48.57,50.11,46.26,60.72,39.65,48.15
2013,AUS,71.79,74.45,67.79,77.45,62.72,71.04
2013,AUT,60.91,64.48,55.55,70.1,49.39,59.85
2013,BEL,66.83,72.01,59.05,75.59,53.15,65.21
2013,BGD,28.71,24.0,35.78,46.77,29.13,29.3
2013,BGR,33.73,37.3,28.37,53.42,22.05,32.53
2013,BLR,38.03,41.54,32.76,55.73,26.21,36.89
2013,BRA,68.75,71.02,65.35,74.84,60.02,68.13
2013,BRN,24.35,30.07,15.76,49.69,10.89,21.77
2013,CAN,77.95,80.85,73.6,82.57,69.22,77.14
2013,CHE,67.74,71.85,61.58,75.47,55.89,66.52
2013,CHL,52.91,56.25,47.9,64.56,41.34,51.91
2013,CHN,91.69,98.25,81.86,98.27,78.65,89.68
2013,CIV,21.77,23.45,19.25,46.51,13.85,21.25
2013,CMR,19.08,21.28,15.77,45.51,10.9,18.32
2013,COL,49.36,52.08,45.27,61.93,38.63,48.56
2013,CRI,23.73,23.13,24.62,46.36,18.6,23.86
2013,CYP,19.88,21.34,17.7,45.54,12.52,19.43
2013,CZE,52.97,58.35,44.89,65.94,38.25,51.18
2013,DEU,90.08,94.0,84.2,94.18,81.35,88.97
2013,DNK,54.39,59.84,46.22,66.92,39.61,52.59
2013,EGY,43.6,42.19,45.72,56.1,39.1,43.92
2013,ESP,69.72,73.17,64.55,76.47,59.14,68.72
2013,EST,25.07,28.73,19.58,49.03,14.13,23.72
2013,FIN,49.54,53.77,43.2,62.98,36.52,48.2
2013,FRA,80.78,82.88,77.64,84.27,73.81,80.22
2013,GBR,81.52,83.35,78.78,84.66,75.11,81.03
2013,GRC,43.02,44.83,40.31,57.6,33.61,42.51
2013,HKG,54.09,53.69,54.7,62.93,48.48,54.19
2013,HRV,25.45,25.97,24.67,47.7,18.65,25.31
2013,HUN,47.66,53.4,39.05,62.75,32.36,45.66
2013,IDN,64.14,68.0,58.36,72.61,52.4,63.0
2013,IND,73.49,76.94,68.32,79.41,63.31,72.5
2013,IRL,58.58,65.82,47.71,71.05,41.15,56.04
2013,ISL,15.7,18.8,11.05,44.4,7.11,14.41
2013,ISR,47.84,50.51,43.84,60.96,37.17,47.06
2013,ITA,74.63,78.23,69.24,80.44,64.33,73.6
2013,JOR,22.71,20.32,26.29,45.08,20.13,23.11
2013,JPN,83.29,86.36,78.68,87.25,75.0,82.43
2013,KAZ,49.34,58.24,35.99,65.86,29.34,45.78
2013,KHM,15.46,14.18,17.37,42.39,12.24,15.69
2013,KOR,75.97,84.34,63.41,85.5,57.89,73.13
2013,LAO,13.55,12.2,15.58,41.56,10.74,13.79
2013,LTU,31.53,35.21,26.02,52.31,19.88,30.27
2013,LUX,42.83,53.81,26.36,63.01,20.19,37.66
2013,LVA,23.77,25.15,21.69,47.31,15.98,23.36
2013,MAR,35.96,34.72,37.83,52.06,31.15,36.24
2013,MEX,70.97,72.73,68.33,76.13,63.32,70.5
2013,MLT,16.66,19.04,13.09,44.5,8.72,15.79
2013,MMR,23.28,23.86,22.4,46.7,16.61,23.12
2013,MYS,60.47,66.79,50.98,71.74,44.55,58.35
2013,NGA,55.04,59.0,49.1,66.37,42.59,53.82
2013,NLD,70.38,76.77,60.79,79.27,55.03,68.31
2013,NOR,62.47,68.94,52.77,73.3,46.44,60.32
2013,NZL,39.85,40.8,38.42,55.32,31.73,39.59
2013,PAK,34.09,33.99,34.23,51.68,27.62,34.11
2013,PER,43.85,46.89,39.29,58.8,32.59,42.92
2013,PHL,47.57,49.48,44.71,60.34,38.06,47.03
2013,POL,61.42,65.01,56.04,70.48,49.91,60.36
2013,PRT,45.62,48.28,41.63,59.62,34.94,44.83
2013,ROU,44.45,46.76,40.99,58.72,34.29,43.78
2013,RUS,79.68,83.14,74.5,84.48,70.24,78.7
2013,SAU,74.68,81.48,64.48,83.09,59.06,72.48
2013,SEN,11.38,10.83,12.2,41.0,8.01,11.49
2013,SGP,65.06,74.44,50.98,77.45,44.55,61.6
2013,SVK,44.91,49.32,38.3,60.24,31.61,43.46
2013,SVN,32.08,35.55,26.88,52.49,20.67,30.91
2013,SWE,61.2,65.28,55.08,70.67,48.89,59.96
2013,THA,62.02,66.75,54.92,71.71,48.72,60.55
2013,TUN,27.65,28.52,26.35,48.93,20.18,27.41
2013,TUR,61.28,61.73,60.61,68.2,54.83,61.17
2013,TWN,69.36,76.96,57.96,79.42,51.97,66.79
2013,UKR,44.66,47.65,40.18,59.24,33.48,43.76
2013,USA,100.0,100.0,100.0,100.0,100.0,100.0
2013,VNM,51.2,56.91,42.64,64.99,35.96,49.26
2013,ZAF,54.31,58.63,47.82,66.12,41.26,52.95
2014,ARG,46.39,48.25,43.61,59.6,36.94,45.87
2014,AUS,70.42,73.16,66.3,76.46,61.07,69.65
2014,AUT,60.66,64.12,55.48,69.85,49.31,59.64
2014,BEL,66.33,71.69,58.29,75.34,52.33,64.64
2014,BGD,28.41,23.47,35.81,46.52,29.16,28.99
2014,BGR,33.32,36.9,27.94,53.21,21.65,32.11
2014,BLR,37.17,40.96,31.49,55.41,24.99,35.91
2014,BRA,67.32,69.7,63.74,73.86,58.25,66.65
2014,BRN,21.68,28.74,11.08,49.04,7.14,17.84
2014,CAN,77.5,80.64,72.78,82.4,68.3,76.61
2014,CHE,66.29,70.26,60.34,74.27,54.54,65.11
2014,CHL,51.42,55.09,45.91,63.82,39.29,50.29
2014,CHN,93.39,99.16,84.74,99.16,81.98,91.67
2014,CIV,21.43,23.95,17.66,46.74,12.49,20.57
2014,CMR,19.11,21.22,15.94,45.48,11.04,18.39
2014,COL,48.46,50.48,45.44,60.94,38.81,47.89
2014,CRI,23.8,23.22,24.67,46.4,18.65,23.93
2014,CYP,19.88,21.17,17.95,45.46,12.73,19.49
2014,CZE,52.97,58.32,44.95,65.92,38.31,51.2
2014,DEU,89.94,93.94,83.94,94.12,81.05,88.8
2014,DNK,54.15,59.58,46.01,66.75,39.39,52.36
2014,EGY,43.37,40.91,47.06,55.38,40.47,43.88
2014,ESP,69.7,72.8,65.04,76.19,59.68,68.81
2014,EST,24.82,28.38,19.48,48.86,14.04,23.51
2014,FIN,48.43,52.63,42.12,62.27,35.43,47.08
2014,FRA,80.85,82.81,77.92,84.21,74.13,80.33
2014,GBR,81.93,83.17,80.08,84.51,76.6,81.61
2014,GRC,43.21,44.95,40.6,57.67,33.9,42.72
2014,HKG,53.96,53.63,54.45,62.9,48.22,54.04
2014,HRV,25.63,26.29,24.64,47.85,18.62,25.45
2014,HUN,47.88,53.37,39.64,62.73,32.94,46.0
2014,IDN,62.71,66.55,56.94,71.57,50.87,61.56
2014,IND,72.68,75.93,67.8,78.61,62.73,71.75
2014,IRL,60.08,67.06,49.62,71.94,43.13,57.68
2014,ISL,15.89,18.79,11.53,44.39,7.49,14.72
2014,ISR,47.56,49.76,44.27,60.51,37.61,46.93
2014,ITA,74.32,77.78,69.13,80.08,64.21,73.33
2014,JOR,22.35,20.06,25.78,44.96,19.66,22.74
2014,JPN,83.25,86.39,78.53,87.28,74.82,82.37
2014,KAZ,47.24,56.22,33.77,64.55,27.18,43.57
2014,KHM,16.09,15.23,17.39,42.84,12.26,16.27
2014,KOR,75.45,83.74,63.02,84.99,57.46,72.64
2014,LAO,13.72,13.06,14.7,41.92,10.02,13.86
2014,LTU,30.11,33.58,24.91,51.47,18.86,28.92
2014,LUX,43.49,55.02,26.2,63.78,20.04,37.97
2014,LVA,23.0,24.77,20.35,47.13,14.8,22.45
2014,MAR,34.91,35.14,34.56,52.28,27.94,34.85
2014,MEX,71.13,72.48,69.1,75.94,64.18,70.77
2014,MLT,16.32,18.67,12.79,44.34,8.48,15.45
2014,MMR,23.99,24.17,23.71,46.85,17.78,23.94
2014,MYS,60.31,66.24,51.42,71.35,45.02,58.36
2014,NGA,55.67,60.27,48.76,67.21,42.24,54.21
2014,NLD,69.93,76.65,59.84,79.18,54.0,67.73
2014,NOR,60.93,67.16,51.59,72.01,45.19,58.86
2014,NZL,39.67,40.43,38.53,55.12,31.84,39.47
2014,PAK,33.5,32.66,34.77,51.0,28.15,33.7
2014,PER,41.86,44.34,38.13,57.32,31.44,41.12
2014,PHL,48.17,50.29,44.98,60.83,38.34,47.56
2014,POL,61.85,65.29,56.69,70.67,50.61,60.84
2014,PRT,45.56,47.66,42.41,59.25,35.72,44.96
2014,ROU,44.79,47.22,41.14,58.99,34.44,44.08
2014,RUS,77.88,81.86,71.9,83.41,67.31,76.72
2014,SAU,73.98,79.27,66.05,81.28,60.79,72.36
2014,SEN,11.14,10.86,11.55,41.01,7.5,11.2
2014,SGP,64.86,74.26,50.77,77.31,44.33,61.4
2014,SVK,44.44,48.86,37.81,59.97,31.13,42.98
2014,SVN,31.55,35.41,25.77,52.42,19.65,30.21
2014,SWE,60.78,64.71,54.89,70.26,48.68,59.6
2014,THA,60.42,65.81,52.33,71.04,45.97,58.68
2014,TUN,26.73,27.28,25.91,48.33,19.78,26.59
2014,TUR,60.53,61.7,58.77,68.18,52.84,60.22
2014,TWN,69.04,76.72,57.53,79.23,51.51,66.44
2014,UKR,41.17,45.54,34.62,58.01,28.0,39.71
2014,USA,100.0,100.0,100.0,100.0,100.0,100.0
2014,VNM,51.61,58.21,41.71,65.84,35.02,49.27
2014,ZAF,52.6,57.3,45.55,65.25,38.92,51.09
2015,ARG,45.33,46.49,43.6,58.56,36.93,45.02
2015,AUS,67.85,70.09,64.48,74.15,59.06,67.23
2015,AUT,58.85,62.52,53.35,68.74,47.05,57.75
2015,BEL,64.63,69.98,56.6,74.07,50.51,62.94
2015,BGD,29.34,24.6,36.45,47.05,29.79,29.94
2015,BGR,31.95,35.92,25.99,52.69,19.85,30.55
2015,BLR,33.81,37.75,27.89,53.66,21.6,32.45
2015,BRA,64.32,67.81,59.08,72.48,53.18,63.29
2015,BRN,17.28,21.55,10.87,45.63,6.97,15.31
2015,CAN,75.35,78.05,71.29,80.29,66.62,74.59
2015,CHE,66.29,70.68,59.71,74.59,53.86,64.96
2015,CHL,49.59,52.57,45.13,62.23,38.49,48.71
2015,CHN,92.97,99.45,83.24,99.45,80.24,90.98
2015,CIV,20.46,22.78,16.98,46.2,11.91,19.67
2015,CMR,17.94,19.49,15.62,44.7,10.77,17.45
2015,COL,44.24,45.17,42.84,57.79,36.16,43.99
2015,CRI,24.38,23.75,25.33,46.65,19.25,24.53
2015,CYP,20.07,22.07,17.07,45.87,11.99,19.41
2015,CZE,52.08,57.25,44.32,65.21,37.66,50.37
2015,DEU,88.21,92.85,81.25,93.1,77.94,86.86
2015,DNK,52.29,57.83,43.99,65.59,37.33,50.44
2015,EGY,41.04,37.48,46.38,53.52,39.77,41.69
2015,ESP,68.38,71.45,63.78,75.16,58.29,67.51
2015,EST,23.04,26.34,18.08,47.87,12.84,21.82
2015,FIN,46.18,50.68,39.44,61.07,32.74,44.71
2015,FRA,79.28,81.75,75.57,83.32,71.45,78.6
2015,GBR,81.2,82.84,78.75,84.23,75.08,80.77
2015,GRC,40.55,41.61,38.96,55.77,32.27,40.26
2015,HKG,54.38,54.54,54.14,63.47,47.89,54.34
2015,HRV,25.22,25.89,24.21,47.66,18.23,25.04
2015,HUN,46.81,52.56,38.18,62.23,31.49,44.8
2015,IDN,60.18,64.39,53.86,70.04,47.59,58.89
2015,IND,72.43,74.94,68.66,77.83,63.69,71.73
2015,IRL,62.88,70.38,51.64,74.36,45.25,60.29
2015,ISL,15.88,18.67,11.7,44.34,7.62,14.78
2015,ISR,47.29,50.08,43.1,60.7,36.42,46.46
2015,ITA,73.02,76.49,67.82,79.05,62.75,72.02
2015,JOR,21.59,18.82,25.75,44.41,19.63,22.01
2015,JPN,82.02,85.3,77.1,86.33,73.19,81.1
2015,KAZ,41.85,49.14,30.92,60.13,24.45,38.98
2015,KHM,17.23,16.42,18.45,43.35,13.16,17.41
2015,KOR,74.77,82.86,62.63,84.25,57.03,72.04
2015,LAO,14.54,13.08,16.73,41.93,11.7,14.79
2015,LTU,29.44,31.96,25.67,50.64,19.56,28.64
2015,LUX,43.39,55.47,25.26,64.06,19.18,37.43
2015,LVA,21.65,23.44,18.97,46.51,13.6,21.09
2015,MAR,34.13,34.75,33.19,52.07,26.62,33.96
2015,MEX,70.46,71.8,68.46,75.43,63.46,70.11
2015,MLT,17.78,20.44,13.79,45.13,9.28,16.79
2015,MMR,25.25,25.07,25.53,47.27,19.43,25.3
2015,MYS,57.72,64.1,48.14,69.84,41.59,55.55
2015,NGA,48.12,50.37,44.74,60.88,38.09,47.47
2015,NLD,70.85,76.27,62.72,78.88,57.13,69.16
2015,NOR,57.31,62.78,49.1,68.92,42.59,55.52
2015,NZL,38.6,39.07,37.9,54.37,31.22,38.48
2015,PAK,34.14,32.1,37.19,50.71,30.51,34.55
2015,PER,41.33,43.47,38.12,56.82,31.43,40.71
2015,PHL,49.64,51.21,47.29,61.39,40.71,49.21
2015,POL,60.59,64.41,54.85,70.05,48.64,59.44
2015,PRT,44.12,46.1,41.14,58.33,34.44,43.55
2015,ROU,43.47,46.07,39.56,58.32,32.86,42.69
2015,RUS,72.44,77.86,64.31,80.14,58.88,70.76
2015,SAU,69.85,71.87,66.82,75.48,61.64,69.3
2015,SEN,10.94,10.9,11.0,41.02,7.07,10.95
2015,SGP,64.58,73.84,50.7,76.98,44.26,61.19
2015,SVK,42.95,47.24,36.52,59.0,29.86,41.54
2015,SVN,30.45,34.41,24.52,51.9,18.51,29.05
2015,SWE,59.59,63.49,53.75,69.41,47.47,58.42
2015,THA,60.13,65.73,51.74,70.99,45.35,58.32
2015,TUN,24.42,24.62,24.12,47.06,18.15,24.37
2015,TUR,57.48,60.67,52.7,67.48,46.36,56.54
2015,TWN,68.36,76.25,56.52,78.86,50.42,65.65
2015,UKR,37.68,41.9,31.35,55.93,24.86,36.24
2015,USA,100.0,100.0,100.0,100.0,100.0,100.0
2015,VNM,53.21,60.23,42.67,67.19,35.99,50.7
2015,ZAF,50.77,55.69,43.39,64.2,36.72,49.16
2016,ARG,46.46,46.64,46.19,58.65,39.58,46.41
2016,AUS,69.04,70.85,66.33,74.71,61.1,68.55
2016,AUT,60.07,62.99,55.68,69.07,49.53,59.22
2016,BEL,65.76,70.38,58.83,74.36,52.91,64.35
2016,BGD,30.1,24.34,38.73,46.93,32.04,30.7
2016,BGR,33.05,36.19,28.34,52.83,22.02,32.03
2016,BLR,32.95,35.96,28.44,52.71,22.12,31.98
2016,BRA,63.49,67.06,58.13,71.94,52.15,62.44
2016,BRN,15.69,19.15,10.5,44.55,6.69,14.18
2016,CAN,75.1,77.34,71.74,79.72,67.13,74.49
2016,CHE,67.76,71.48,62.17,75.19,56.53,66.66
2016,CHL,49.83,52.05,46.51,61.91,39.91,49.2
2016,CHN,92.86,98.63,84.21,98.64,81.36,91.14
2016,CIV,20.36,21.81,18.19,45.75,12.94,19.92
2016,CMR,17.94,18.38,17.28,44.21,12.16,17.82
2016,COL,43.08,42.69,43.67,56.38,37.0,43.18
2016,CRI,25.74,24.16,28.1,46.84,21.8,26.06
2016,CYP,21.65,22.3,20.67,45.98,15.08,21.47
2016,CZE,52.91,57.51,46.02,65.38,39.4,51.45
2016,DEU,89.03,93.38,82.5,93.59,79.39,87.77
2016,DNK,53.03,57.54,46.27,65.4,39.66,51.6
2016,EGY,41.3,36.16,49.0,52.81,42.48,42.09
2016,ESP,69.44,71.96,65.67,75.55,60.37,68.74
2016,EST,23.84,26.29,20.17,47.85,14.64,23.03
2016,FIN,47.33,50.82,42.09,61.15,35.4,46.25
2016,FRA,79.85,81.94,76.72,83.48,72.76,79.29
2016,GBR,80.46,81.76,78.51,83.33,74.8,80.12
2016,GRC,40.79,40.67,40.98,55.25,34.28,40.82
2016,HKG,54.57,53.86,55.64,63.04,49.48,54.74
2016,HRV,24.46,23.97,25.2,46.75,19.13,24.58
2016,HUN,47.8,52.81,40.29,62.38,33.59,46.13
2016,IDN,60.26,63.71,55.09,69.57,48.9,59.24
2016,IND,72.97,75.15,69.71,78.0,64.86,72.38
2016,IRL,66.53,71.12,59.65,74.92,53.79,65.13
2016,ISL,16.82,18.59,14.17,44.3,9.59,16.23
2016,ISR,48.74,50.37,46.3,60.88,39.69,48.29
2016,ITA,74.17,76.96,69.98,79.42,65.16,73.39
2016,JOR,21.47,17.7,27.12,43.91,20.89,21.91
2016,JPN,82.72,86.13,77.6,87.05,73.76,81.75
2016,KAZ,39.9,46.2,30.46,58.39,24.01,37.51
2016,KHM,19.15,17.55,21.56,43.85,15.86,19.45
2016,KOR,75.08,82.57,63.85,84.0,58.37,72.61
2016,LAO,15.09,13.74,17.12,42.21,12.03,15.34
2016,LTU,30.16,31.98,27.42,50.65,21.17,29.61
2016,LUX,43.89,55.16,26.99,63.86,20.77,38.58
2016,LVA,22.76,23.7,21.36,46.63,15.69,22.5
2016,MAR,35.61,34.48,37.31,51.93,30.63,35.87
2016,MEX,70.66,71.63,69.2,75.3,64.29,70.4
2016,MLT,19.05,21.03,16.08,45.4,11.16,18.39
2016,MMR,27.78,26.89,29.12,48.14,22.75,27.98
2016,MYS,57.37,63.26,48.54,69.25,42.01,55.41
2016,NGA,44.86,44.99,44.66,57.69,38.01,44.82
2016,NLD,69.65,75.89,60.28,78.58,54.48,67.64
2016,NOR,56.92,60.66,51.3,67.48,44.89,55.78
2016,NZL,38.93,38.39,39.75,54.0,33.05,39.06
2016,PAK,35.37,31.33,41.42,50.32,34.73,36.02
2016,PER,42.62,44.64,39.59,57.49,32.89,42.04
2016,PHL,51.64,51.58,51.74,61.62,45.35,51.66
2016,POL,62.07,65.4,57.08,70.75,51.02,61.1
2016,PRT,45.27,46.29,43.73,58.44,37.06,44.99
2016,ROU,45.74,46.97,43.89,58.84,37.23,45.4
2016,RUS,71.31,75.89,64.45,78.58,59.03,69.94
2016,SAU,68.03,70.42,64.45,74.39,59.03,67.37
2016,SEN,11.65,11.04,12.57,41.08,8.3,11.78
2016,SGP,64.92,73.25,52.42,76.53,46.07,61.97
2016,SVK,44.6,48.1,39.35,59.51,32.65,43.51
2016,SVN,31.67,34.53,27.39,51.96,21.14,30.75
2016,SWE,60.11,63.18,55.5,69.2,49.33,59.22
2016,THA,60.87,65.95,53.25,71.14,46.94,59.26
2016,TUN,24.95,24.15,26.15,46.84,20.0,25.13
2016,TUR,59.39,60.18,58.2,67.15,52.23,59.18
2016,TWN,68.06,75.45,56.98,78.23,50.92,65.57
2016,UKR,38.56,40.98,34.94,55.42,28.31,37.84
2016,USA,100.0,100.0,100.0,100.0,100.0,100.0
2016,VNM,54.62,61.7,43.99,68.18,37.33,52.1
2016,ZAF,49.97,54.79,42.74,63.63,36.06,48.39
2017,ARG,46.54,45.63,47.9,58.06,41.34,46.75
2017,AUS,69.91,72.1,66.63,75.65,61.43,69.31
2017,AUT,60.26,63.2,55.85,69.21,49.71,59.41
2017,BEL,66.15,70.63,59.44,74.55,53.57,64.79
2017,BGD,30.59,24.21,40.17,46.86,33.47,31.19
2017,BGR,34.0,37.07,29.4,53.3,23.02,33.01
2017,BLR,34.36,37.58,29.53,53.57,23.14,33.31
2017,BRA,64.59,68.39,58.88,72.9,52.96,63.46
2017,BRN,15.75,19.19,10.59,44.57,6.76,14.26
2017,CAN,75.36,77.61,71.98,79.94,67.4,74.74
2017,CHE,66.8,70.09,61.86,74.15,56.19,65.85
2017,CHL,50.17,52.49,46.68,62.18,40.08,49.5
2017,CHN,93.66,99.1,85.51,99.1,82.87,92.05
2017,CIV,20.45,21.9,18.28,45.79,13.01,20.01
2017,CMR,16.86,17.3,16.2,43.74,11.26,16.74
2017,COL,42.98,43.42,42.33,56.79,35.64,42.87
2017,CRI,25.34,23.7,27.8,46.63,21.52,25.67
2017,CYP,22.44,22.94,21.68,46.27,15.97,22.3
2017,CZE,52.95,57.72,45.8,65.52,39.18,51.42
2017,DEU,89.24,93.4,82.99,93.61,79.95,88.04
2017,DNK,53.18,57.7,46.4,65.51,39.79,51.74
2017,EGY,41.82,37.57,48.19,53.56,41.64,42.55
2017,ESP,69.67,72.01,66.15,75.59,60.9,69.02
2017,EST,24.21,26.65,20.55,48.02,14.98,23.4
2017,FIN,47.5,51.4,41.65,61.51,34.96,46.27
2017,FRA,79.64,81.56,76.75,83.16,72.79,79.12
2017,GBR,80.3,81.63,78.3,83.22,74.56,79.95
2017,GRC,41.43,42.1,40.43,56.05,33.73,41.26
2017,HKG,54.42,53.36,56.01,62.73,49.88,54.67
2017,HRV,24.3,23.8,25.04,46.67,18.98,24.41
2017,HUN,48.33,53.12,41.15,62.58,34.45,46.75
2017,IDN,61.01,64.43,55.87,70.07,49.73,60.0
2017,IND,73.93,75.62,71.39,78.36,66.74,73.47
2017,IRL,66.6,71.48,59.28,75.19,53.39,65.09
2017,ISL,17.19,18.68,14.95,44.34,10.22,16.71
2017,ISR,48.76,50.35,46.38,60.87,39.77,48.32
2017,ITA,74.43,77.11,70.4,79.54,65.63,73.68
2017,JOR,20.01,16.52,25.25,43.4,19.17,20.42
2017,JPN,82.61,86.02,77.49,86.95,73.64,81.64
2017,KAZ,40.05,48.23,27.79,59.59,21.51,36.61
2017,KHM,19.2,17.61,21.59,43.87,15.89,19.5
2017,KOR,76.18,83.37,65.4,84.68,60.07,73.84
2017,LAO,15.01,14.11,16.37,42.36,11.4,15.2
2017,LTU,30.87,33.22,27.35,51.28,21.1,30.14
2017,LUX,43.97,54.62,28.0,63.52,21.71,39.11
2017,LVA,23.0,23.93,21.61,46.73,15.91,22.74
2017,MAR,35.92,34.94,37.38,52.17,30.7,36.14
2017,MEX,70.84,71.76,69.47,75.4,64.59,70.61
2017,MLT,18.63,21.31,14.62,45.53,9.95,17.65
2017,MMR,26.87,27.11,26.51,48.24,20.33,26.81
2017,MYS,57.43,63.46,48.38,69.39,41.84,55.41
2017,NGA,46.41,47.66,44.54,59.25,37.89,46.07
2017,NLD,69.9,76.29,60.32,78.89,54.52,67.84
2017,NOR,57.17,61.27,51.03,67.89,44.61,55.92
2017,NZL,39.1,38.49,40.02,54.06,33.32,39.25
2017,PAK,35.5,31.03,42.21,50.17,35.52,36.19
2017,PER,43.4,46.23,39.16,58.41,32.46,42.55
2017,PHL,52.0,51.76,52.35,61.73,45.99,52.05
2017,POL,62.99,66.29,58.04,71.38,52.06,62.03
2017,PRT,45.62,46.64,44.09,58.65,37.43,45.35
2017,ROU,46.17,47.42,44.29,59.11,37.63,45.83
2017,RUS,73.74,78.28,66.93,80.48,61.77,72.38
2017,SAU,68.24,71.68,63.08,75.34,57.53,67.24
2017,SEN,12.04,11.06,13.52,41.09,9.06,12.23
2017,SGP,65.87,73.63,54.24,76.82,47.99,63.2
2017,SVK,44.83,48.42,39.44,59.7,32.74,43.7
2017,SVN,32.29,35.34,27.72,52.38,21.45,31.3
2017,SWE,59.9,62.72,55.67,68.88,49.52,59.09
2017,THA,60.8,65.56,53.65,70.86,47.37,59.31
2017,TUN,24.38,23.51,25.68,46.54,19.57,24.57
2017,TUR,59.76,60.57,58.54,67.42,52.59,59.55
2017,TWN,67.89,75.33,56.74,78.14,50.66,65.38
2017,UKR,39.88,41.98,36.74,55.98,30.07,39.27
2017,USA,100.0,100.0,100.0,100.0,100.0,100.0
2017,VNM,55.64,62.82,44.88,68.95,38.24,53.1
2017,ZAF,50.82,54.92,44.66,63.71,38.01,49.53
2018,ARG,44.23,44.38,44.0,57.34,37.34,44.19
2018,AUS,69.38,72.72,64.37,76.12,58.94,68.42
2018,AUT,60.15,64.01,54.37,69.77,48.13,58.99
2018,BEL,65.39,70.13,58.29,74.18,52.33,63.94
2018,BGD,29.72,24.49,37.57,47.0,30.89,30.33
2018,BGR,33.17,36.59,28.03,53.04,21.73,32.03
2018,BLR,34.03,38.35,27.54,53.98,21.28,32.5
2018,BRA,64.21,68.33,58.03,72.85,52.05,62.97
2018,BRN,16.07,19.37,11.11,44.65,7.16,14.67
2018,CAN,74.81,77.57,70.67,79.91,65.93,74.04
2018,CHE,65.36,69.45,59.23,73.68,53.34,64.14
2018,CHL,49.15,52.01,44.87,61.88,38.22,48.31
2018,CHN,94.39,99.87,86.17,99.87,83.64,92.77
2018,CIV,18.93,20.32,16.85,45.08,11.8,18.5
2018,CMR,15.72,16.84,14.05,43.54,9.49,15.38
2018,COL,42.35,43.51,40.6,56.84,33.9,42.03
2018,CRI,23.44,22.91,24.23,46.26,18.25,23.56
2018,CYP,20.58,21.85,18.67,45.77,13.35,20.2
2018,CZE,52.54,57.63,44.9,65.46,38.26,50.87
2018,DEU,89.07,93.45,82.49,93.66,79.37,87.8
2018,DNK,52.48,57.64,44.73,65.47,38.08,50.78
2018,EGY,41.22,38.06,45.96,53.83,39.34,41.82
2018,ESP,69.22,72.11,64.89,75.66,59.51,68.4
2018,EST,23.47,26.6,18.77,48.0,13.43,22.34
2018,FIN,46.53,51.33,39.33,61.47,32.63,44.93
2018,FRA,79.48,81.74,76.1,83.31,72.05,78.87
2018,GBR,80.17,81.98,77.45,83.51,73.59,79.68
2018,GRC,41.28,42.88,38.87,56.48,32.18,40.83
2018,HKG,52.54,51.06,54.77,61.3,48.56,52.88
2018,HRV,23.68,23.34,24.18,46.46,18.2,23.76
2018,HUN,47.55,52.73,39.77,62.33,33.07,45.79
2018,IDN,60.81,63.98,56.05,69.75,49.92,59.88
2018,IND,73.9,76.02,70.72,78.68,65.99,73.32
2018,IRL,66.88,73.25,57.32,76.53,51.28,64.8
2018,ISL,16.16,18.03,13.36,44.06,8.93,15.52
2018,ISR,47.84,49.7,45.05,60.47,38.41,47.32
2018,ITA,74.11,77.24,69.42,79.64,64.53,73.23
2018,JOR,18.03,15.88,21.26,43.12,15.6,18.37
2018,JPN,82.02,85.62,76.61,86.61,72.63,80.99
2018,KAZ,40.29,49.86,25.94,60.57,19.8,35.96
2018,KHM,18.53,17.91,19.46,44.0,14.03,18.67
2018,KOR,75.39,83.24,63.62,84.57,58.12,72.77
2018,LAO,14.2,13.58,15.14,42.14,10.38,14.34
2018,LTU,30.33,33.63,25.39,51.49,19.3,29.22
2018,LUX,41.87,52.74,25.56,62.34,19.46,36.72
2018,LVA,22.11,23.87,19.46,46.71,14.03,21.55
2018,MAR,35.18,34.89,35.61,52.15,28.97,35.25
2018,MEX,70.78,72.06,68.86,75.62,63.91,70.44
2018,MLT,16.99,19.77,12.81,44.83,8.49,15.91
2018,MMR,25.7,27.93,22.36,48.64,16.57,24.99
2018,MYS,57.07,63.63,47.22,69.51,40.64,54.81
2018,NGA,48.98,50.24,47.08,60.8,40.5,48.63
2018,NLD,69.72,76.85,59.03,79.33,53.12,67.35
2018,NOR,56.89,62.09,49.09,68.45,42.58,55.21
2018,NZL,37.67,37.73,37.59,53.65,30.91,37.66
2018,PAK,32.93,29.75,37.71,49.53,31.03,33.49
2018,PER,41.89,45.57,36.38,58.02,29.72,40.72
2018,PHL,51.11,50.95,51.34,61.23,44.93,51.14
2018,POL,63.0,66.8,57.29,71.75,51.25,61.86
2018,PRT,45.02,46.61,42.63,58.63,35.95,44.58
2018,ROU,45.91,47.49,43.54,59.15,36.87,45.47
2018,RUS,74.26,80.46,64.96,82.25,59.59,72.3
2018,SAU,68.6,74.49,59.77,77.48,53.92,66.73
2018,SEN,11.77,11.27,12.52,41.18,8.26,11.88
2018,SGP,65.67,74.1,53.02,77.18,46.7,62.68
2018,SVK,42.9,47.1,36.6,58.92,29.93,41.52
2018,SVN,31.64,35.29,26.17,52.36,20.02,30.39
2018,SWE,58.49,61.9,53.38,68.32,47.08,57.48
2018,THA,60.61,65.34,53.52,70.71,47.23,59.14
2018,TUN,23.23,22.91,23.7,46.26,17.77,23.3
2018,TUR,57.82,60.52,53.77,67.38,47.5,57.05
2018,TWN,66.32,74.11,54.63,77.19,48.41,63.63
2018,UKR,39.16,41.58,35.53,55.76,28.89,38.44
2018,USA,100.0,100.0,100.0,100.0,100.0,100.0
2018,VNM,55.26,63.32,43.18,69.29,36.5,52.29
2018,ZAF,48.8,52.49,43.27,62.18,36.6,47.66
2019,ARG,42.63,44.3,40.12,57.29,33.42,42.16
2019,AUS,68.76,72.74,62.8,76.14,57.22,67.59
2019,AUT,59.09,62.57,53.87,68.78,47.6,58.06
2019,BEL,64.73,69.2,58.03,73.49,52.05,63.37
2019,BGD,29.94,24.9,37.51,47.19,30.83,30.56
2019,BGR,33.12,36.36,28.27,52.92,21.96,32.06
2019,BLR,33.93,37.28,28.9,53.41,22.55,32.82
2019,BRA,63.79,67.53,58.18,72.27,52.21,62.68
2019,BRN,16.07,19.4,11.07,44.66,7.13,14.65
2019,CAN,74.38,76.99,70.47,79.45,65.71,73.66
2019,CHE,64.85,68.68,59.11,73.11,53.21,63.72
2019,CHL,47.58,50.08,43.82,60.7,37.15,46.85
2019,CHN,94.01,99.97,85.08,99.97,82.37,92.22
2019,CIV,18.86,20.52,16.36,45.17,11.39,18.32
2019,CMR,16.0,17.14,14.3,43.67,9.69,15.66
2019,COL,41.57,41.94,41.01,55.96,34.31,41.47
2019,CRI,23.33,22.69,24.29,46.16,18.3,23.48
2019,CYP,21.15,22.93,18.49,46.27,13.19,20.59
2019,CZE,51.94,56.36,45.32,64.64,38.69,50.54
2019,DEU,88.58,92.75,82.33,93.01,79.19,87.38
2019,DNK,52.09,57.32,44.24,65.26,37.58,50.36
2019,EGY,41.68,38.47,46.49,54.05,39.89,42.29
2019,ESP,68.31,71.16,64.03,74.95,58.57,67.5
2019,EST,23.44,26.42,18.97,47.91,13.6,22.39
2019,FIN,46.22,50.6,39.64,61.02,32.94,44.79
2019,FRA,78.9,80.92,75.88,82.63,71.8,78.36
2019,GBR,79.85,81.32,77.65,82.96,73.82,79.46
2019,GRC,40.44,41.62,38.67,55.78,31.98,40.12
2019,HKG,51.96,51.39,52.81,61.5,46.48,52.1
2019,HRV,23.36,22.84,24.14,46.23,18.17,23.48
2019,HUN,47.31,51.95,40.34,61.85,33.64,45.78
2019,IDN,59.32,62.39,54.71,68.65,48.49,58.42
2019,IND,73.44,75.55,70.28,78.31,65.49,72.87
2019,IRL,71.2,74.91,65.64,77.81,60.34,70.12
2019,ISL,14.71,16.47,12.07,43.37,7.91,14.1
2019,ISR,48.02,49.98,45.08,60.64,38.44,47.47
2019,ITA,73.31,76.26,68.88,78.87,63.93,72.48
2019,JOR,17.92,16.13,20.61,43.23,15.03,18.23
2019,JPN,81.6,84.85,76.73,85.94,72.77,80.69
2019,KAZ,40.83,48.79,28.89,59.92,22.54,37.54
2019,KHM,19.38,18.61,20.54,44.31,14.97,19.55
2019,KOR,73.82,81.06,62.97,82.75,57.41,71.44
2019,LAO,13.92,13.28,14.88,42.01,10.17,14.06
2019,LTU,30.43,33.99,25.08,51.68,19.02,29.2
2019,LUX,42.48,53.43,26.05,62.77,19.91,37.31
2019,LVA,21.53,23.11,19.16,46.35,13.77,21.04
2019,MAR,34.83,34.53,35.27,51.96,28.63,34.9
2019,MEX,70.51,71.91,68.41,75.51,63.41,70.14
2019,MLT,17.06,19.96,12.72,44.91,8.42,15.93
2019,MMR,24.76,26.88,21.58,48.13,15.88,24.08
2019,MYS,56.26,62.81,46.44,68.94,39.84,54.01
2019,NGA,50.39,50.19,50.68,60.77,44.24,50.43
2019,NLD,69.62,76.18,59.79,78.8,53.95,67.49
2019,NOR,55.07,59.18,48.91,66.48,42.39,53.8
2019,NZL,37.4,37.44,37.33,53.49,30.65,37.38
2019,PAK,30.46,27.3,35.19,48.34,28.56,30.99
2019,PER,41.4,44.36,36.96,57.33,30.29,40.49
2019,PHL,51.24,50.53,52.3,60.98,45.94,51.41
2019,POL,62.76,66.6,57.0,71.61,50.94,61.61
2019,PRT,44.39,45.73,42.37,58.12,35.68,44.02
2019,ROU,45.79,46.98,44.01,58.85,37.35,45.47
2019,RUS,73.8,79.41,65.39,81.39,60.06,72.06
2019,SAU,67.76,72.26,61.01,75.78,55.27,66.4
2019,SEN,11.92,11.41,12.68,41.23,8.39,12.03
2019,SGP,65.76,74.02,53.36,77.12,47.06,62.85
2019,SVK,41.89,45.43,36.57,57.94,29.91,40.76
2019,SVN,31.08,34.36,26.17,51.87,20.02,29.99
2019,SWE,57.89,61.45,52.55,68.01,46.2,56.83
2019,THA,60.06,64.66,53.15,70.23,46.84,58.62
2019,TUN,22.07,21.5,22.93,45.61,17.08,22.2
2019,TUR,56.61,59.8,51.83,66.9,45.45,55.67
2019,TWN,65.92,72.83,55.56,76.21,49.4,63.61
2019,UKR,39.86,41.9,36.8,55.93,30.13,39.27
2019,USA,100.0,100.0,100.0,100.0,100.0,100.0
2019,VNM,56.17,63.91,44.55,69.7,37.9,53.36
2019,ZAF,47.95,51.44,42.71,61.53,36.03,46.87
2020,ARG,40.0,40.9,38.66,55.38,31.97,39.76
2020,AUS,68.83,72.43,63.44,75.9,57.92,67.79
2020,AUT,58.28,60.78,54.52,67.56,48.29,57.56
2020,BEL,64.46,68.01,59.13,72.62,53.23,63.41
2020,BGD,30.82,24.88,39.72,47.18,33.02,31.44
2020,BGR,32.25,34.71,28.56,52.05,22.23,31.49
2020,BLR,32.76,35.14,29.19,52.28,22.82,32.03
2020,BRA,62.83,66.12,57.9,71.26,51.91,61.87
2020,BRN,15.21,17.76,11.38,43.94,7.37,14.22
2020,CAN,72.74,74.51,70.09,77.5,65.28,72.27
2020,CHE,65.14,67.51,61.58,72.26,55.89,64.48
2020,CHL,47.32,50.3,42.84,60.84,36.16,46.42
2020,CHN,93.81,100.0,84.52,100.0,81.72,91.93
2020,CIV,18.94,19.57,18.0,44.74,12.77,18.77
2020,CMR,15.92,15.9,15.96,43.13,11.06,15.93
2020,COL,37.56,36.19,39.62,52.83,32.92,37.87
2020,CRI,23.28,22.37,24.64,46.01,18.62,23.48
2020,CYP,21.9,23.66,19.25,46.61,13.85,21.34
2020,CZE,51.57,55.2,46.12,63.89,39.51,50.46
2020,DEU,87.66,90.97,82.69,91.37,79.61,86.73
2020,DNK,52.44,56.42,46.46,64.67,39.86,51.2
2020,EGY,40.16,35.27,47.49,52.35,40.92,40.93
2020,ESP,66.38,68.71,62.88,73.13,57.31,65.73
2020,EST,23.8,26.04,20.43,47.73,14.87,23.07
2020,FIN,44.73,48.77,38.66,59.91,31.97,43.42
2020,FRA,77.67,78.56,76.33,80.7,72.32,77.44
2020,GBR,78.13,80.02,75.29,81.89,71.14,77.62
2020,GRC,39.79,39.57,40.12,54.65,33.42,39.84
2020,HKG,49.98,49.91,50.08,60.6,43.61,49.99
2020,HRV,23.97,23.64,24.47,46.6,18.47,24.05
2020,HUN,47.45,50.51,42.87,60.96,36.19,46.53
2020,IDN,57.27,60.43,52.52,67.32,46.17,56.34
2020,IND,72.57,74.41,69.81,77.42,64.97,72.07
2020,IRL,71.78,75.6,66.05,78.35,60.79,70.66
2020,ISL,12.68,13.81,10.99,42.24,7.07,12.32
2020,ISR,47.52,49.77,44.14,60.51,37.48,46.87
2020,ITA,72.11,74.48,68.56,77.48,63.57,71.46
2020,JOR,19.2,16.78,22.82,43.51,16.98,19.57
2020,JPN,80.45,82.91,76.76,84.29,72.81,79.78
2020,KAZ,38.26,44.77,28.49,57.56,22.16,35.71
2020,KHM,19.36,18.03,21.35,44.06,15.68,19.62
2020,KOR,73.05,79.67,63.11,81.6,57.56,70.91
2020,LAO,14.67,13.43,16.52,42.08,11.52,14.9
2020,LTU,30.51,33.45,26.09,51.4,19.94,29.54
2020,LUX,42.72,52.8,27.6,62.38,21.33,38.17
2020,LVA,21.56,22.82,19.67,46.22,14.21,21.19
2020,MAR,33.64,32.96,34.65,51.15,28.03,33.79
2020,MEX,68.6,69.48,67.27,73.7,62.14,68.37
2020,MLT,16.7,19.9,11.91,44.89,7.78,15.4
2020,MMR,23.76,25.36,21.35,47.41,15.68,23.27
2020,MYS,54.86,61.04,45.6,67.73,38.97,52.76
2020,NGA,44.27,41.02,49.14,55.44,42.63,44.9
2020,NLD,68.96,74.84,60.15,77.76,54.34,67.09
2020,NOR,52.56,55.47,48.2,64.06,41.65,51.71
2020,NZL,36.13,35.47,37.12,52.45,30.45,36.29
2020,PAK,31.93,27.76,38.18,48.56,31.49,32.56
2020,PER,40.02,42.37,36.49,56.2,29.83,39.32
2020,PHL,49.09,48.93,49.32,60.01,42.82,49.12
2020,POL,63.15,66.38,58.3,71.45,52.34,62.21
2020,PRT,42.88,43.63,41.76,56.91,35.07,42.68
2020,ROU,45.09,45.52,44.44,58.0,37.79,44.98
2020,RUS,70.77,75.25,64.04,78.08,58.58,69.42
2020,SAU,62.83,64.99,59.58,70.46,53.72,62.23
2020,SEN,13.14,11.34,15.83,41.21,10.95,13.4
2020,SGP,63.19,71.94,50.07,75.53,43.6,60.02
2020,SVK,41.49,44.26,37.33,57.27,30.65,40.65
2020,SVN,30.92,33.56,26.96,51.46,20.74,30.08
2020,SWE,57.37,60.27,53.03,67.21,46.71,56.53
2020,THA,59.0,63.16,52.76,69.18,46.43,57.73
2020,TUN,22.82,21.34,25.04,45.54,18.98,23.12
2020,TUR,57.22,57.54,56.75,65.4,50.67,57.14
2020,TWN,65.65,72.99,54.65,76.33,48.43,63.16
2020,UKR,38.57,41.21,34.6,55.55,27.98,37.76
2020,USA,98.49,97.49,100.0,97.52,100.0,98.74
2020,VNM,57.19,64.0,46.98,69.77,40.39,54.83
2020,ZAF,46.15,49.79,40.68,60.53,33.98,45.01
